Country,Year,Total Deaths,Number of tourists '000
Angola,2000,77.0,51.0
Angola,2001,136.0,67.0
Angola,2002,0.0,91.0
Angola,2003,15.0,107.0
Angola,2004,357.0,194.0
Angola,2005,0.0,210.0
Angola,2006,2422.0,121.0
Angola,2007,620.0,195.0
Angola,2008,141.0,294.0
Angola,2009,178.0,366.0
Angola,2010,25.0,425.0
Angola,2011,130.0,481.0
Angola,2012,0.0,528.0
Angola,2013,9.0,650.0
Angola,2014,0.0,595.0
Angola,2015,459.0,592.0
Angola,2016,113.0,397.0
Angola,2017,11.0,261.0
Angola,2018,10.0,218.0
Angola,2019,71.0,218.0
Anguilla,2000,0.0,44.0
Anguilla,2001,0.0,48.0
Anguilla,2002,0.0,44.0
Anguilla,2003,0.0,47.0
Anguilla,2004,0.0,54.0
Anguilla,2005,0.0,62.0
Anguilla,2006,0.0,73.0
Anguilla,2007,0.0,78.0
Anguilla,2008,0.0,68.0
Anguilla,2009,0.0,58.0
Anguilla,2010,0.0,62.0
Anguilla,2011,0.0,66.0
Anguilla,2012,0.0,65.0
Anguilla,2013,0.0,69.0
Anguilla,2014,0.0,71.0
Anguilla,2015,0.0,73.0
Anguilla,2016,0.0,79.0
Anguilla,2017,4.0,68.3
Anguilla,2018,0.0,55.0
Anguilla,2019,0.0,95.0
Antigua and Barbuda,2000,0.0,207.0
Antigua and Barbuda,2001,0.0,215.0
Antigua and Barbuda,2002,0.0,218.0
Antigua and Barbuda,2003,0.0,239.0
Antigua and Barbuda,2004,0.0,246.0
Antigua and Barbuda,2005,0.0,245.0
Antigua and Barbuda,2006,0.0,254.0
Antigua and Barbuda,2007,0.0,262.0
Antigua and Barbuda,2008,0.0,266.0
Antigua and Barbuda,2009,0.0,234.0
Antigua and Barbuda,2010,0.0,230.0
Antigua and Barbuda,2011,0.0,241.0
Antigua and Barbuda,2012,0.0,247.0
Antigua and Barbuda,2013,0.0,243.0
Antigua and Barbuda,2014,0.0,249.0
Antigua and Barbuda,2015,0.0,250.0
Antigua and Barbuda,2016,0.0,265.0
Antigua and Barbuda,2017,1.0,247.0
Antigua and Barbuda,2018,0.0,269.0
Antigua and Barbuda,2019,0.0,301.0
Argentina,2000,37.0,2909.0
Argentina,2001,35.0,2620.0
Argentina,2002,7.0,2820.0
Argentina,2003,39.0,2995.0
Argentina,2004,10.0,3457.0
Argentina,2005,11.0,3823.0
Argentina,2006,0.0,4173.0
Argentina,2007,19.0,4562.0
Argentina,2008,0.0,4700.0
Argentina,2009,29.0,4308.0
Argentina,2010,42.0,6800.0
Argentina,2011,0.0,6703.0
Argentina,2012,25.0,6497.0
Argentina,2013,56.0,6510.0
Argentina,2014,27.0,7165.0
Argentina,2015,19.0,6816.0
Argentina,2016,0.0,6668.0
Argentina,2017,1.0,6711.0
Argentina,2018,2.0,6942.0
Argentina,2019,14.0,7399.0
Armenia,2000,0.0,45.0
Armenia,2001,0.0,123.0
Armenia,2002,0.0,162.0
Armenia,2003,0.0,206.0
Armenia,2004,1.0,263.0
Armenia,2005,0.0,319.0
Armenia,2006,0.0,382.0
Armenia,2007,0.0,511.0
Armenia,2008,0.0,558.0
Armenia,2009,0.0,575.0
Armenia,2010,0.0,684.0
Armenia,2011,0.0,758.0
Armenia,2012,0.0,963.0
Armenia,2013,0.0,1084.0
Armenia,2014,0.0,1204.0
Armenia,2015,0.0,1192.0
Armenia,2016,0.0,1260.0
Armenia,2017,0.0,1495.0
Armenia,2018,0.0,1652.0
Armenia,2019,0.0,1894.0
Austria,2000,13.0,17982.0
Austria,2001,0.0,18180.0
Austria,2002,12.0,18611.0
Austria,2003,345.0,19078.0
Austria,2004,0.0,19374.0
Austria,2005,4.0,19952.0
Austria,2006,0.0,20269.0
Austria,2007,5.0,20773.0
Austria,2008,4.0,21935.0
Austria,2009,3.0,21355.0
Austria,2010,0.0,22004.0
Austria,2011,0.0,23012.0
Austria,2012,5.0,24151.0
Austria,2013,4.0,24813.0
Austria,2014,0.0,25291.0
Austria,2015,0.0,26728.0
Austria,2016,0.0,28121.0
Austria,2017,5.0,29460.0
Austria,2018,0.0,30816.0
Austria,2019,12.0,31884.0
Bahamas,2000,0.0,1544.0
Bahamas,2001,0.0,1538.0
Bahamas,2002,0.0,1513.0
Bahamas,2003,0.0,1505.0
Bahamas,2004,12.0,1561.0
Bahamas,2005,1.0,1625.0
Bahamas,2006,0.0,1613.0
Bahamas,2007,1.0,1538.0
Bahamas,2008,0.0,1469.0
Bahamas,2009,0.0,1336.0
Bahamas,2010,0.0,1378.0
Bahamas,2011,0.0,1355.0
Bahamas,2012,1.0,1431.0
Bahamas,2013,0.0,1377.0
Bahamas,2014,0.0,1444.0
Bahamas,2015,33.0,1496.0
Bahamas,2016,0.0,1499.0
Bahamas,2017,0.0,1452.0
Bahamas,2018,0.0,1633.0
Bahamas,2019,356.0,1807.0
Bangladesh,2000,222.0,199.0
Bangladesh,2001,253.0,207.0
Bangladesh,2002,928.0,207.0
Bangladesh,2003,520.0,245.0
Bangladesh,2004,1034.0,271.0
Bangladesh,2005,332.0,208.0
Bangladesh,2006,154.0,200.0
Bangladesh,2007,5721.0,289.0
Bangladesh,2008,68.0,467.0
Bangladesh,2009,348.0,267.0
Bangladesh,2010,107.0,139.0
Bangladesh,2011,102.0,157.0
Bangladesh,2012,344.0,160.0
Bangladesh,2013,50.0,104.0
Bangladesh,2014,79.0,134.0
Bangladesh,2015,159.0,126.0
Bangladesh,2016,198.0,182.0
Bangladesh,2017,338.0,237.0
Bangladesh,2018,102.0,267.0
Bangladesh,2019,260.0,323.0
Barbados,2000,0.0,545.0
Barbados,2001,0.0,507.0
Barbados,2002,0.0,498.0
Barbados,2003,0.0,531.0
Barbados,2004,1.0,552.0
Barbados,2005,0.0,548.0
Barbados,2006,0.0,563.0
Barbados,2007,0.0,575.0
Barbados,2008,0.0,568.0
Barbados,2009,0.0,519.0
Barbados,2010,0.0,532.0
Barbados,2011,0.0,568.0
Barbados,2012,0.0,536.0
Barbados,2013,0.0,509.0
Barbados,2014,0.0,521.0
Barbados,2015,0.0,592.0
Barbados,2016,0.0,632.0
Barbados,2017,1.0,664.0
Barbados,2018,0.0,680.0
Barbados,2019,0.0,523.0
Belarus,2000,0.0,262.0
Belarus,2001,0.0,221.0
Belarus,2002,0.0,209.0
Belarus,2003,0.0,229.0
Belarus,2004,0.0,239.0
Belarus,2005,0.0,253.0
Belarus,2006,5.0,292.0
Belarus,2007,0.0,368.0
Belarus,2008,0.0,477.0
Belarus,2009,0.0,512.0
Belarus,2010,0.0,677.0
Belarus,2011,0.0,783.0
Belarus,2012,0.0,993.0
Belarus,2013,4.0,1003.0
Belarus,2014,2.0,1080.0
Belarus,2015,0.0,966.0
Belarus,2016,0.0,1929.0
Belarus,2017,43.0,2000.0
Belarus,2018,0.0,2142.0
Belarus,2019,0.0,2206.0
Belgium,2000,0.0,6457.0
Belgium,2001,0.0,6452.0
Belgium,2002,5.0,6720.0
Belgium,2003,1175.0,6690.0
Belgium,2004,0.0,6710.0
Belgium,2005,2.0,6747.0
Belgium,2006,940.0,6995.0
Belgium,2007,2.0,7045.0
Belgium,2008,0.0,7165.0
Belgium,2009,1.0,6815.0
Belgium,2010,5.0,7186.0
Belgium,2011,5.0,7494.0
Belgium,2012,3.0,7560.0
Belgium,2013,0.0,7684.0
Belgium,2014,0.0,7887.0
Belgium,2015,410.0,8355.0
Belgium,2016,4.0,7481.0
Belgium,2017,0.0,8385.0
Belgium,2018,1.0,9119.0
Belgium,2019,716.0,9343.0
Belize,2000,14.0,196.0
Belize,2001,30.0,196.0
Belize,2002,0.0,200.0
Belize,2003,0.0,221.0
Belize,2004,0.0,231.0
Belize,2005,3.0,237.0
Belize,2006,0.0,247.0
Belize,2007,0.0,251.0
Belize,2008,8.0,245.0
Belize,2009,0.0,232.0
Belize,2010,0.0,242.0
Belize,2011,0.0,250.0
Belize,2012,0.0,277.0
Belize,2013,0.0,294.0
Belize,2014,0.0,321.0
Belize,2015,0.0,341.0
Belize,2016,0.0,386.0
Belize,2017,0.0,427.0
Belize,2018,0.0,489.0
Belize,2019,0.0,503.0
Benin,2000,351.0,96.0
Benin,2001,378.0,88.0
Benin,2002,50.0,72.0
Benin,2003,3.0,175.0
Benin,2004,0.0,174.0
Benin,2005,4.0,176.0
Benin,2006,0.0,180.0
Benin,2007,10.0,186.0
Benin,2008,48.0,188.0
Benin,2009,10.0,190.0
Benin,2010,71.0,199.0
Benin,2011,0.0,209.0
Benin,2012,4.0,220.0
Benin,2013,7.0,231.0
Benin,2014,0.0,242.0
Benin,2015,0.0,255.0
Benin,2016,13.0,267.0
Benin,2017,0.0,281.0
Benin,2018,0.0,295.0
Benin,2019,13.0,309.0
Bermuda,2000,0.0,332.0
Bermuda,2001,0.0,278.0
Bermuda,2002,0.0,284.0
Bermuda,2003,4.0,257.0
Bermuda,2004,0.0,272.0
Bermuda,2005,0.0,270.0
Bermuda,2006,0.0,299.0
Bermuda,2007,0.0,306.0
Bermuda,2008,0.0,264.0
Bermuda,2009,0.0,236.0
Bermuda,2010,0.0,232.0
Bermuda,2011,0.0,236.0
Bermuda,2012,0.0,232.0
Bermuda,2013,0.0,236.0
Bermuda,2014,0.0,224.0
Bermuda,2015,0.0,220.0
Bermuda,2016,0.0,244.0
Bermuda,2017,0.0,270.0
Bermuda,2018,0.0,282.0
Bermuda,2019,0.0,269.0
Bhutan,2000,200.0,7.6
Bhutan,2001,0.0,6.4
Bhutan,2002,0.0,5.6
Bhutan,2003,0.0,6.3
Bhutan,2004,0.0,9.2
Bhutan,2005,0.0,13.6
Bhutan,2006,0.0,17.3
Bhutan,2007,0.0,21.0
Bhutan,2008,0.0,28.0
Bhutan,2009,23.0,23.0
Bhutan,2010,0.0,41.0
Bhutan,2011,1.0,66.0
Bhutan,2012,0.0,105.0
Bhutan,2013,0.0,116.0
Bhutan,2014,0.0,133.0
Bhutan,2015,0.0,155.0
Bhutan,2016,0.0,210.0
Bhutan,2017,0.0,255.0
Bhutan,2018,0.0,274.0
Bhutan,2019,0.0,316.0
Bolivia,2000,36.0,319.0
Bolivia,2001,41.0,316.0
Bolivia,2002,96.0,334.0
Bolivia,2003,143.0,427.0
Bolivia,2004,0.0,480.0
Bolivia,2005,0.0,524.0
Bolivia,2006,25.0,521.0
Bolivia,2007,116.0,573.0
Bolivia,2008,27.0,530.0
Bolivia,2009,0.0,599.0
Bolivia,2010,59.0,679.0
Bolivia,2011,52.0,711.0
Bolivia,2012,13.0,798.0
Bolivia,2013,136.0,798.0
Bolivia,2014,112.0,871.0
Bolivia,2015,25.0,882.0
Bolivia,2016,4.0,961.0
Bolivia,2017,0.0,1109.0
Bolivia,2018,29.0,1142.0
Bolivia,2019,83.0,1239.0
Bosnia and Herzegovina,2000,6.0,171.0
Bosnia and Herzegovina,2001,0.0,139.0
Bosnia and Herzegovina,2002,0.0,160.0
Bosnia and Herzegovina,2003,0.0,165.0
Bosnia and Herzegovina,2004,0.0,190.0
Bosnia and Herzegovina,2005,4.0,217.0
Bosnia and Herzegovina,2006,0.0,256.0
Bosnia and Herzegovina,2007,0.0,306.0
Bosnia and Herzegovina,2008,0.0,322.0
Bosnia and Herzegovina,2009,1.0,311.0
Bosnia and Herzegovina,2010,3.0,365.0
Bosnia and Herzegovina,2011,0.0,392.0
Bosnia and Herzegovina,2012,4.0,439.0
Bosnia and Herzegovina,2013,0.0,529.0
Bosnia and Herzegovina,2014,26.0,536.0
Bosnia and Herzegovina,2015,0.0,678.0
Bosnia and Herzegovina,2016,0.0,778.0
Bosnia and Herzegovina,2017,0.0,923.0
Bosnia and Herzegovina,2018,0.0,1053.0
Bosnia and Herzegovina,2019,1.0,1198.0
Brazil,2000,108.0,5313.0
Brazil,2001,98.0,4773.0
Brazil,2002,161.0,3785.0
Brazil,2003,255.0,4133.0
Brazil,2004,39.0,4794.0
Brazil,2005,49.0,5358.0
Brazil,2006,20.0,5017.0
Brazil,2007,70.0,5026.0
Brazil,2008,326.0,5050.0
Brazil,2009,191.0,4802.0
Brazil,2010,395.0,5161.0
Brazil,2011,978.0,5433.0
Brazil,2012,3.0,5677.0
Brazil,2013,121.0,5813.0
Brazil,2014,41.0,6430.0
Brazil,2015,28.0,6306.0
Brazil,2016,294.0,6547.0
Brazil,2017,168.0,6589.0
Brazil,2018,22.0,6621.0
Brazil,2019,47.0,6353.0
British Virgin Islands,2000,0.0,272.0
British Virgin Islands,2001,0.0,296.0
British Virgin Islands,2002,0.0,282.0
British Virgin Islands,2003,0.0,278.0
British Virgin Islands,2004,0.0,304.0
British Virgin Islands,2005,0.0,337.0
British Virgin Islands,2006,0.0,356.0
British Virgin Islands,2007,0.0,358.0
British Virgin Islands,2008,0.0,346.0
British Virgin Islands,2009,0.0,309.0
British Virgin Islands,2010,0.0,330.0
British Virgin Islands,2011,0.0,338.0
British Virgin Islands,2012,0.0,351.0
British Virgin Islands,2013,0.0,366.0
British Virgin Islands,2014,0.0,386.0
British Virgin Islands,2015,0.0,393.0
British Virgin Islands,2016,0.0,408.0
British Virgin Islands,2017,9.0,335.0
British Virgin Islands,2018,0.0,192.0
British Virgin Islands,2019,0.0,302.4
Bulgaria,2000,14.0,2785.0
Bulgaria,2001,2.0,3186.0
Bulgaria,2002,1.0,3433.0
Bulgaria,2003,0.0,4048.0
Bulgaria,2004,0.0,4630.0
Bulgaria,2005,39.0,4837.0
Bulgaria,2006,18.0,5158.0
Bulgaria,2007,17.0,5151.0
Bulgaria,2008,10.0,5780.0
Bulgaria,2009,0.0,5739.0
Bulgaria,2010,3.0,6047.0
Bulgaria,2011,0.0,6328.0
Bulgaria,2012,38.0,6541.0
Bulgaria,2013,0.0,6898.0
Bulgaria,2014,21.0,7311.0
Bulgaria,2015,5.0,7099.0
Bulgaria,2016,0.0,8252.0
Bulgaria,2017,4.0,8883.0
Bulgaria,2018,0.0,9273.0
Bulgaria,2019,0.0,7775.0
Burkina Faso,2000,0.0,126.0
Burkina Faso,2001,2978.0,128.0
Burkina Faso,2002,0.0,150.0
Burkina Faso,2003,1058.0,163.0
Burkina Faso,2004,527.0,222.0
Burkina Faso,2005,9.0,245.0
Burkina Faso,2006,784.0,264.0
Burkina Faso,2007,1542.0,289.0
Burkina Faso,2008,556.0,272.0
Burkina Faso,2009,398.0,269.0
Burkina Faso,2010,857.0,274.0
Burkina Faso,2011,0.0,238.0
Burkina Faso,2012,18.0,237.0
Burkina Faso,2013,2.0,218.0
Burkina Faso,2014,0.0,191.0
Burkina Faso,2015,8.0,163.0
Burkina Faso,2016,15.0,152.0
Burkina Faso,2017,20.0,143.0
Burkina Faso,2018,0.0,144.0
Burkina Faso,2019,0.0,143.0
Cabo Verde,2000,0.0,115.0
Cabo Verde,2001,0.0,134.0
Cabo Verde,2002,0.0,126.0
Cabo Verde,2003,0.0,150.0
Cabo Verde,2004,0.0,157.0
Cabo Verde,2005,0.0,198.0
Cabo Verde,2006,0.0,242.0
Cabo Verde,2007,0.0,267.0
Cabo Verde,2008,0.0,285.0
Cabo Verde,2009,9.0,287.0
Cabo Verde,2010,0.0,336.0
Cabo Verde,2011,0.0,428.0
Cabo Verde,2012,0.0,482.0
Cabo Verde,2013,0.0,503.0
Cabo Verde,2014,0.0,494.0
Cabo Verde,2015,9.0,520.0
Cabo Verde,2016,0.0,598.0
Cabo Verde,2017,0.0,668.0
Cabo Verde,2018,0.0,710.0
Cabo Verde,2019,0.0,758.0
Cambodia,2000,347.0,466.0
Cambodia,2001,56.0,605.0
Cambodia,2002,29.0,787.0
Cambodia,2003,0.0,701.0
Cambodia,2004,0.0,1055.0
Cambodia,2005,16.0,1422.0
Cambodia,2006,5.0,1700.0
Cambodia,2007,184.0,2015.0
Cambodia,2008,0.0,2125.0
Cambodia,2009,19.0,2162.0
Cambodia,2010,8.0,2508.0
Cambodia,2011,247.0,2882.0
Cambodia,2012,14.0,3584.0
Cambodia,2013,200.0,4210.0
Cambodia,2014,45.0,4503.0
Cambodia,2015,0.0,4775.0
Cambodia,2016,0.0,5012.0
Cambodia,2017,0.0,5602.0
Cambodia,2018,0.0,6201.0
Cambodia,2019,12.0,6611.0
Canada,2000,11.0,19627.0
Canada,2001,12.0,19679.0
Canada,2002,2.0,20057.0
Canada,2003,7.0,17534.0
Canada,2004,0.0,19145.0
Canada,2005,4.0,18771.0
Canada,2006,1.0,18265.0
Canada,2007,6.0,17935.0
Canada,2008,0.0,17142.0
Canada,2009,2.0,15737.0
Canada,2010,0.0,16219.0
Canada,2011,7.0,16016.0
Canada,2012,0.0,16344.0
Canada,2013,14.0,16059.0
Canada,2014,0.0,16537.0
Canada,2015,0.0,17977.0
Canada,2016,0.0,19971.0
Canada,2017,2.0,20883.0
Canada,2018,70.0,21134.0
Canada,2019,2.0,22145.0
Cayman Islands,2000,0.0,354.0
Cayman Islands,2001,0.0,334.0
Cayman Islands,2002,0.0,303.0
Cayman Islands,2003,0.0,294.0
Cayman Islands,2004,2.0,260.0
Cayman Islands,2005,0.0,168.0
Cayman Islands,2006,0.0,267.0
Cayman Islands,2007,0.0,292.0
Cayman Islands,2008,0.0,303.0
Cayman Islands,2009,0.0,272.0
Cayman Islands,2010,0.0,288.0
Cayman Islands,2011,0.0,309.0
Cayman Islands,2012,0.0,322.0
Cayman Islands,2013,0.0,345.0
Cayman Islands,2014,0.0,383.0
Cayman Islands,2015,0.0,385.0
Cayman Islands,2016,0.0,385.0
Cayman Islands,2017,0.0,418.0
Cayman Islands,2018,0.0,463.0
Cayman Islands,2019,0.0,503.0
Central African Republic,2000,448.0,11.2
Central African Republic,2001,346.0,9.9
Central African Republic,2002,7.0,2.9
Central African Republic,2003,23.0,5.7
Central African Republic,2004,3.0,8.2
Central African Republic,2005,1.0,12.0
Central African Republic,2006,0.0,13.8
Central African Republic,2007,1.0,17.1
Central African Republic,2008,0.0,30.6
Central African Republic,2009,4.0,52.4
Central African Republic,2010,3.0,53.8
Central African Republic,2011,17.0,65.4
Central African Republic,2012,0.0,70.8
Central African Republic,2013,0.0,83.5
Central African Republic,2014,0.0,95.7
Central African Republic,2015,1.0,120.5
Central African Republic,2016,21.0,82.0
Central African Republic,2017,0.0,107.0
Central African Republic,2018,1.0,109.0
Central African Republic,2019,53.0,87.0
Chad,2000,1209.0,43.0
Chad,2001,213.0,57.0
Chad,2002,0.0,32.0
Chad,2003,11.0,21.0
Chad,2004,144.0,26.0
Chad,2005,115.0,29.0
Chad,2006,72.0,46.0
Chad,2007,29.0,77.0
Chad,2008,22.0,61.0
Chad,2009,108.0,70.0
Chad,2010,263.0,71.0
Chad,2011,557.0,77.0
Chad,2012,108.0,86.0
Chad,2013,0.0,97.0
Chad,2014,0.0,119.0
Chad,2015,0.0,120.0
Chad,2016,0.0,98.0
Chad,2017,58.0,87.0
Chad,2018,90.0,77.0
Chad,2019,52.0,79.0
Chile,2000,16.0,1742.0
Chile,2001,2.0,1723.0
Chile,2002,19.0,1412.0
Chile,2003,0.0,1614.0
Chile,2004,3.0,1785.0
Chile,2005,61.0,2027.0
Chile,2006,18.0,2253.0
Chile,2007,18.0,2507.0
Chile,2008,9.0,2710.0
Chile,2009,0.0,2760.0
Chile,2010,562.0,2801.0
Chile,2011,1.0,3137.0
Chile,2012,8.0,3554.0
Chile,2013,0.0,3576.0
Chile,2014,18.0,3674.0
Chile,2015,204.0,4478.0
Chile,2016,12.0,5641.0
Chile,2017,42.0,6450.0
Chile,2018,0.0,5723.0
Chile,2019,8.0,4518.0
China,2000,663.0,31229.0
China,2001,922.0,33167.0
China,2002,1446.0,36803.0
China,2003,1092.0,32970.0
China,2004,807.0,41761.0
China,2005,1058.0,46809.0
China,2006,2109.0,49913.0
China,2007,1141.0,54720.0
China,2008,88450.0,53049.0
China,2009,582.0,50875.0
China,2010,7178.0,55664.0
China,2011,746.0,57581.0
China,2012,802.0,57725.0
China,2013,1395.0,55686.0
China,2014,1575.0,55622.0
China,2015,501.0,56886.0
China,2016,1287.0,59270.0
China,2017,524.0,60740.0
China,2018,354.0,62900.0
China,2019,571.0,65725.0
Colombia,2000,115.0,557.0
Colombia,2001,99.0,616.0
Colombia,2002,135.0,567.0
Colombia,2003,115.0,625.0
Colombia,2004,116.0,791.0
Colombia,2005,180.0,933.0
Colombia,2006,150.0,2045.0
Colombia,2007,218.0,2254.0
Colombia,2008,153.0,2317.0
Colombia,2009,53.0,2364.0
Colombia,2010,624.0,1405.0
Colombia,2011,313.0,2043.0
Colombia,2012,77.0,2180.0
Colombia,2013,98.0,2288.0
Colombia,2014,88.0,2552.0
Colombia,2015,104.0,3099.0
Colombia,2016,10.0,3370.0
Colombia,2017,384.0,3712.0
Colombia,2018,26.0,4020.0
Colombia,2019,253.0,4169.0
Comoros,2000,0.0,24.0
Comoros,2001,0.0,19.4
Comoros,2002,0.0,18.9
Comoros,2003,0.0,20.6
Comoros,2004,0.0,23.3
Comoros,2005,1.0,25.9
Comoros,2006,0.0,28.5
Comoros,2007,29.0,15.2
Comoros,2008,0.0,14.8
Comoros,2009,2.0,11.3
Comoros,2010,0.0,15.3
Comoros,2011,0.0,18.8
Comoros,2012,4.0,22.8
Comoros,2013,0.0,21.9
Comoros,2014,0.0,22.8
Comoros,2015,0.0,23.6
Comoros,2016,0.0,26.8
Comoros,2017,0.0,28.0
Comoros,2018,0.0,35.9
Comoros,2019,8.0,45.1
Cook Islands,2000,0.0,73.0
Cook Islands,2001,0.0,75.0
Cook Islands,2002,0.0,73.0
Cook Islands,2003,0.0,78.0
Cook Islands,2004,0.0,83.0
Cook Islands,2005,0.0,88.0
Cook Islands,2006,0.0,92.0
Cook Islands,2007,0.0,97.0
Cook Islands,2008,0.0,95.0
Cook Islands,2009,0.0,101.0
Cook Islands,2010,0.0,104.0
Cook Islands,2011,0.0,113.0
Cook Islands,2012,0.0,122.0
Cook Islands,2013,0.0,121.0
Cook Islands,2014,0.0,122.0
Cook Islands,2015,0.0,125.0
Cook Islands,2016,0.0,146.0
Cook Islands,2017,0.0,161.0
Cook Islands,2018,0.0,169.0
Cook Islands,2019,0.0,172.0
Costa Rica,2000,7.0,1088.0
Costa Rica,2001,0.0,1131.0
Costa Rica,2002,10.0,1113.0
Costa Rica,2003,3.0,1239.0
Costa Rica,2004,10.0,1453.0
Costa Rica,2005,6.0,1679.0
Costa Rica,2006,0.0,1725.0
Costa Rica,2007,19.0,1980.0
Costa Rica,2008,11.0,2089.0
Costa Rica,2009,31.0,1923.0
Costa Rica,2010,27.0,2100.0
Costa Rica,2011,4.0,2192.0
Costa Rica,2012,8.0,2343.0
Costa Rica,2013,3.0,2428.0
Costa Rica,2014,0.0,2527.0
Costa Rica,2015,0.0,2660.0
Costa Rica,2016,9.0,2925.0
Costa Rica,2017,13.0,2960.0
Costa Rica,2018,1.0,3017.0
Costa Rica,2019,0.0,3139.0
Croatia,2000,41.0,5831.0
Croatia,2001,0.0,6544.0
Croatia,2002,0.0,6944.0
Croatia,2003,788.0,7409.0
Croatia,2004,0.0,7912.0
Croatia,2005,7.0,7743.0
Croatia,2006,0.0,7988.0
Croatia,2007,12.0,8559.0
Croatia,2008,0.0,8665.0
Croatia,2009,0.0,8694.0
Croatia,2010,0.0,9111.0
Croatia,2011,0.0,9927.0
Croatia,2012,7.0,10369.0
Croatia,2013,0.0,10948.0
Croatia,2014,3.0,11623.0
Croatia,2015,0.0,12683.0
Croatia,2016,0.0,13809.0
Croatia,2017,0.0,15593.0
Croatia,2018,0.0,16645.0
Croatia,2019,1.0,17353.0
Cyprus,2000,5.0,2686.0
Cyprus,2001,0.0,2697.0
Cyprus,2002,0.0,2418.0
Cyprus,2003,0.0,2303.0
Cyprus,2004,0.0,2349.0
Cyprus,2005,0.0,2470.0
Cyprus,2006,0.0,2401.0
Cyprus,2007,4.0,2416.0
Cyprus,2008,0.0,2404.0
Cyprus,2009,0.0,2141.0
Cyprus,2010,0.0,2173.0
Cyprus,2011,0.0,2392.0
Cyprus,2012,0.0,2465.0
Cyprus,2013,0.0,2405.0
Cyprus,2014,0.0,2441.0
Cyprus,2015,0.0,2659.0
Cyprus,2016,0.0,3187.0
Cyprus,2017,0.0,3652.0
Cyprus,2018,0.0,3939.0
Cyprus,2019,0.0,3977.0
Denmark,2000,0.0,3535.0
Denmark,2001,0.0,3684.0
Denmark,2002,1.0,3436.0
Denmark,2003,0.0,3474.0
Denmark,2004,0.0,4421.0
Denmark,2005,4.0,9178.0
Denmark,2006,0.0,9256.0
Denmark,2007,0.0,9284.0
Denmark,2008,0.0,9016.0
Denmark,2009,0.0,8547.0
Denmark,2010,0.0,8744.0
Denmark,2011,0.0,7864.0
Denmark,2012,0.0,8443.0
Denmark,2013,2.0,8557.0
Denmark,2014,0.0,10267.0
Denmark,2015,0.0,10424.0
Denmark,2016,0.0,10781.0
Denmark,2017,0.0,12426.0
Denmark,2018,0.0,12749.0
Denmark,2019,0.0,14725.0
Dominica,2000,0.0,70.0
Dominica,2001,0.0,66.0
Dominica,2002,0.0,69.0
Dominica,2003,0.0,73.0
Dominica,2004,0.0,80.0
Dominica,2005,0.0,79.0
Dominica,2006,0.0,84.0
Dominica,2007,2.0,81.0
Dominica,2008,0.0,81.0
Dominica,2009,0.0,75.0
Dominica,2010,0.0,77.0
Dominica,2011,0.0,76.0
Dominica,2012,0.0,79.0
Dominica,2013,0.0,78.0
Dominica,2014,0.0,81.5
Dominica,2015,30.0,75.0
Dominica,2016,0.0,78.0
Dominica,2017,64.0,72.0
Dominica,2018,0.0,63.0
Dominica,2019,0.0,90.0
Dominican Republic,2000,0.0,2978.0
Dominican Republic,2001,3.0,2882.0
Dominican Republic,2002,3.0,2811.0
Dominican Republic,2003,21.0,3282.0
Dominican Republic,2004,703.0,3450.0
Dominican Republic,2005,12.0,3691.0
Dominican Republic,2006,0.0,3965.0
Dominican Republic,2007,175.0,3980.0
Dominican Republic,2008,13.0,3980.0
Dominican Republic,2009,32.0,3992.0
Dominican Republic,2010,137.0,4125.0
Dominican Republic,2011,12.0,4306.0
Dominican Republic,2012,175.0,4563.0
Dominican Republic,2013,0.0,4690.0
Dominican Republic,2014,1.0,5141.4
Dominican Republic,2015,2.0,5600.0
Dominican Republic,2016,21.0,5959.3
Dominican Republic,2017,5.0,6188.0
Dominican Republic,2018,0.0,6569.0
Dominican Republic,2019,34.0,6446.0
Egypt,2000,3.0,5116.0
Egypt,2001,0.0,4357.0
Egypt,2002,18.0,4906.0
Egypt,2003,0.0,5746.0
Egypt,2004,13.0,7795.0
Egypt,2005,0.0,8244.0
Egypt,2006,0.0,8646.0
Egypt,2007,0.0,10610.0
Egypt,2008,98.0,12296.0
Egypt,2009,0.0,11914.0
Egypt,2010,58.0,14051.0
Egypt,2011,0.0,9497.0
Egypt,2012,0.0,11196.0
Egypt,2013,0.0,9174.0
Egypt,2014,0.0,9628.3
Egypt,2015,135.0,9139.0
Egypt,2016,26.0,5258.0
Egypt,2017,0.0,8157.0
Egypt,2018,0.0,11196.0
Egypt,2019,0.0,12876.0
El Salvador,2000,27.0,795.0
El Salvador,2001,1159.0,735.0
El Salvador,2002,7.0,798.0
El Salvador,2003,304.0,720.0
El Salvador,2004,0.0,951.0
El Salvador,2005,120.0,1127.0
El Salvador,2006,1.0,1279.0
El Salvador,2007,2.0,1339.0
El Salvador,2008,30.0,1385.0
El Salvador,2009,282.0,1091.0
El Salvador,2010,18.0,1150.0
El Salvador,2011,35.0,1184.0
El Salvador,2012,0.0,1255.0
El Salvador,2013,0.0,1283.0
El Salvador,2014,4.0,1345.0
El Salvador,2015,13.0,1402.0
El Salvador,2016,0.0,1434.0
El Salvador,2017,10.0,1556.0
El Salvador,2018,4.0,1677.3
El Salvador,2019,6.0,1766.0
Estonia,2000,0.0,1220.0
Estonia,2001,0.0,1320.0
Estonia,2002,0.0,1362.0
Estonia,2003,0.0,1462.0
Estonia,2004,0.0,1750.0
Estonia,2005,1.0,1917.0
Estonia,2006,3.0,1940.0
Estonia,2007,0.0,1900.0
Estonia,2008,0.0,2222.0
Estonia,2009,0.0,2180.0
Estonia,2010,0.0,2511.0
Estonia,2011,0.0,2823.0
Estonia,2012,1.0,2957.0
Estonia,2013,0.0,3111.0
Estonia,2014,0.0,3160.0
Estonia,2015,0.0,2961.0
Estonia,2016,0.0,3131.0
Estonia,2017,0.0,3244.0
Estonia,2018,7.0,3226.0
Estonia,2019,0.0,3336.0
Eswatini,2000,32.0,281.0
Eswatini,2001,0.0,283.0
Eswatini,2002,0.0,256.0
Eswatini,2003,0.0,461.0
Eswatini,2004,0.0,459.0
Eswatini,2005,0.0,837.0
Eswatini,2006,1.0,873.0
Eswatini,2007,2.0,869.0
Eswatini,2008,0.0,756.0
Eswatini,2009,0.0,908.0
Eswatini,2010,0.0,868.0
Eswatini,2011,0.0,879.0
Eswatini,2012,0.0,888.0
Eswatini,2013,0.0,968.0
Eswatini,2014,11.0,939.0
Eswatini,2015,0.0,873.0
Eswatini,2016,0.0,947.0
Eswatini,2017,0.0,921.0
Eswatini,2018,0.0,782.0
Eswatini,2019,0.0,680.0
Ethiopia,2000,495.0,148.0
Ethiopia,2001,434.0,156.0
Ethiopia,2002,34.0,180.0
Ethiopia,2003,119.0,184.0
Ethiopia,2004,0.0,227.0
Ethiopia,2005,285.0,330.0
Ethiopia,2006,1302.0,358.0
Ethiopia,2007,22.0,383.0
Ethiopia,2008,65.0,427.0
Ethiopia,2009,135.0,468.0
Ethiopia,2010,35.0,523.0
Ethiopia,2011,0.0,597.0
Ethiopia,2012,0.0,681.0
Ethiopia,2013,110.0,770.0
Ethiopia,2014,0.0,864.0
Ethiopia,2015,0.0,871.0
Ethiopia,2016,128.0,933.0
Ethiopia,2017,0.0,849.0
Ethiopia,2018,44.0,812.0
Ethiopia,2019,93.0,271.0
Fiji,2000,0.0,294.0
Fiji,2001,0.0,348.0
Fiji,2002,0.0,398.0
Fiji,2003,17.0,431.0
Fiji,2004,16.0,504.0
Fiji,2005,0.0,545.0
Fiji,2006,4.0,549.0
Fiji,2007,7.0,540.0
Fiji,2008,7.0,585.0
Fiji,2009,14.0,542.0
Fiji,2010,2.0,632.0
Fiji,2011,0.0,675.0
Fiji,2012,17.0,661.0
Fiji,2013,0.0,659.0
Fiji,2014,0.0,693.0
Fiji,2015,0.0,755.0
Fiji,2016,47.0,792.0
Fiji,2017,0.0,843.0
Fiji,2018,7.0,870.0
Fiji,2019,1.0,894.0
Finland,2000,0.0,2714.0
Finland,2001,0.0,2826.0
Finland,2002,0.0,2875.0
Finland,2003,0.0,2601.0
Finland,2004,0.0,2840.0
Finland,2005,0.0,3140.0
Finland,2006,0.0,3375.0
Finland,2007,0.0,3519.0
Finland,2008,0.0,3583.0
Finland,2009,0.0,3423.0
Finland,2010,0.0,3670.0
Finland,2011,0.0,4192.0
Finland,2012,0.0,4226.0
Finland,2013,0.0,2797.0
Finland,2014,0.0,2731.0
Finland,2015,0.0,2622.0
Finland,2016,0.0,2789.0
Finland,2017,0.0,3180.0
Finland,2018,0.0,3224.0
Finland,2019,0.0,3290.0
France,2000,11.0,77190.0
France,2001,17.0,75202.0
France,2002,30.0,77012.0
France,2003,19511.0,75048.0
France,2004,11.0,74433.0
France,2005,13.0,74988.0
France,2006,1393.0,77916.0
France,2007,5.0,80853.0
France,2008,3.0,79218.0
France,2009,18.0,76764.0
France,2010,82.0,76647.0
France,2011,6.0,80499.0
France,2012,12.0,81980.0
France,2013,6.0,83634.0
France,2014,20.0,83701.0
France,2015,3298.0,84452.0
France,2016,4.0,82682.0
France,2017,3.0,86758.0
France,2018,24.0,89322.0
France,2019,1451.0,90914.0
French Polynesia,2000,0.0,252.0
French Polynesia,2001,0.0,228.0
French Polynesia,2002,0.0,189.0
French Polynesia,2003,0.0,213.0
French Polynesia,2004,0.0,212.0
French Polynesia,2005,0.0,208.0
French Polynesia,2006,0.0,222.0
French Polynesia,2007,0.0,218.0
French Polynesia,2008,0.0,196.0
French Polynesia,2009,0.0,160.0
French Polynesia,2010,1.0,154.0
French Polynesia,2011,0.0,163.0
French Polynesia,2012,0.0,169.0
French Polynesia,2013,0.0,164.0
French Polynesia,2014,0.0,181.0
French Polynesia,2015,0.0,184.0
French Polynesia,2016,0.0,192.0
French Polynesia,2017,0.0,199.0
French Polynesia,2018,0.0,216.3
French Polynesia,2019,0.0,237.0
Gambia,2000,21.0,79.0
Gambia,2001,1.0,57.0
Gambia,2002,0.0,81.0
Gambia,2003,3.0,89.0
Gambia,2004,2.0,90.0
Gambia,2005,0.0,108.0
Gambia,2006,0.0,125.0
Gambia,2007,0.0,143.0
Gambia,2008,0.0,147.0
Gambia,2009,5.0,142.0
Gambia,2010,9.0,91.0
Gambia,2011,0.0,106.0
Gambia,2012,0.0,157.0
Gambia,2013,2.0,171.0
Gambia,2014,0.0,156.0
Gambia,2015,0.0,449.0
Gambia,2016,0.0,450.0
Gambia,2017,6.0,522.0
Gambia,2018,0.0,552.0
Gambia,2019,4.0,620.0
Germany,2000,0.0,18983.0
Germany,2001,6.0,17861.0
Germany,2002,49.0,17969.0
Germany,2003,9370.0,18399.0
Germany,2004,2.0,20137.0
Germany,2005,5.0,21500.0
Germany,2006,26.0,23569.0
Germany,2007,19.0,24421.0
Germany,2008,8.0,24884.0
Germany,2009,16.0,24220.0
Germany,2010,8.0,26875.0
Germany,2011,0.0,28374.0
Germany,2012,6.0,30411.0
Germany,2013,21.0,31545.0
Germany,2014,8.0,32999.0
Germany,2015,0.0,34970.0
Germany,2016,7.0,35555.0
Germany,2017,6.0,37452.0
Germany,2018,5.0,38881.0
Germany,2019,5.0,39563.0
Ghana,2000,0.0,399.0
Ghana,2001,24.0,439.0
Ghana,2002,4.0,483.0
Ghana,2003,0.0,531.0
Ghana,2004,0.0,584.0
Ghana,2005,40.0,429.0
Ghana,2006,0.0,497.0
Ghana,2007,56.0,587.0
Ghana,2008,0.0,698.0
Ghana,2009,40.0,803.0
Ghana,2010,90.0,931.0
Ghana,2011,121.0,821.0
Ghana,2012,76.0,903.0
Ghana,2013,23.0,994.0
Ghana,2014,249.0,825.0
Ghana,2015,110.0,897.0
Ghana,2016,10.0,933.0
Ghana,2017,20.0,969.0
Ghana,2018,34.0,956.0
Ghana,2019,32.0,1130.0
Greece,2000,37.0,13096.0
Greece,2001,11.0,14057.0
Greece,2002,2.0,14180.0
Greece,2003,3.0,13969.0
Greece,2004,0.0,13313.0
Greece,2005,0.0,14765.0
Greece,2006,4.0,16039.0
Greece,2007,83.0,16165.0
Greece,2008,2.0,15939.0
Greece,2009,0.0,14915.0
Greece,2010,1.0,15007.0
Greece,2011,0.0,16427.0
Greece,2012,7.0,15518.0
Greece,2013,0.0,17920.0
Greece,2014,3.0,22033.0
Greece,2015,3.0,23599.0
Greece,2016,4.0,24799.0
Greece,2017,26.0,27194.0
Greece,2018,100.0,30123.0
Greece,2019,7.0,31348.4
Grenada,2000,0.0,129.0
Grenada,2001,0.0,123.0
Grenada,2002,0.0,132.0
Grenada,2003,0.0,142.0
Grenada,2004,39.0,134.0
Grenada,2005,1.0,99.0
Grenada,2006,0.0,119.0
Grenada,2007,0.0,130.0
Grenada,2008,0.0,130.0
Grenada,2009,0.0,114.0
Grenada,2010,0.0,110.0
Grenada,2011,0.0,118.0
Grenada,2012,0.0,125.0
Grenada,2013,0.0,128.0
Grenada,2014,0.0,150.0
Grenada,2015,0.0,155.0
Grenada,2016,0.0,156.0
Grenada,2017,0.0,168.0
Grenada,2018,0.0,186.0
Grenada,2019,0.0,188.0
Guam,2000,0.0,1287.0
Guam,2001,0.0,1159.0
Guam,2002,1.0,1059.0
Guam,2003,0.0,910.0
Guam,2004,1.0,1160.0
Guam,2005,0.0,1228.0
Guam,2006,0.0,1212.0
Guam,2007,0.0,1225.0
Guam,2008,0.0,1142.0
Guam,2009,0.0,1053.0
Guam,2010,0.0,1197.0
Guam,2011,0.0,1160.0
Guam,2012,0.0,1308.0
Guam,2013,0.0,1334.0
Guam,2014,0.0,1343.0
Guam,2015,0.0,1409.0
Guam,2016,0.0,1536.0
Guam,2017,0.0,1545.0
Guam,2018,0.0,1549.0
Guam,2019,0.0,1667.0
Guyana,2000,0.0,105.0
Guyana,2001,0.0,99.0
Guyana,2002,0.0,104.0
Guyana,2003,0.0,101.0
Guyana,2004,0.0,122.0
Guyana,2005,34.0,117.0
Guyana,2006,0.0,113.0
Guyana,2007,0.0,134.0
Guyana,2008,0.0,130.0
Guyana,2009,0.0,141.0
Guyana,2010,0.0,152.0
Guyana,2011,0.0,157.0
Guyana,2012,0.0,177.0
Guyana,2013,0.0,200.0
Guyana,2014,0.0,206.0
Guyana,2015,0.0,207.0
Guyana,2016,0.0,235.0
Guyana,2017,0.0,247.0
Guyana,2018,0.0,287.0
Guyana,2019,0.0,315.0
Haiti,2000,12.0,140.0
Haiti,2001,26.0,142.0
Haiti,2002,35.0,140.0
Haiti,2003,128.0,136.0
Haiti,2004,5422.0,96.0
Haiti,2005,88.0,112.0
Haiti,2006,16.0,108.0
Haiti,2007,163.0,386.0
Haiti,2008,698.0,258.0
Haiti,2009,21.0,387.0
Haiti,2010,229549.0,255.0
Haiti,2011,39.0,349.0
Haiti,2012,180.0,349.0
Haiti,2013,6.0,420.0
Haiti,2014,12.0,465.2
Haiti,2015,181.0,516.0
Haiti,2016,599.0,445.0
Haiti,2017,35.0,467.0
Haiti,2018,17.0,447.0
Haiti,2019,14.0,286.0
Honduras,2000,0.0,471.0
Honduras,2001,21.0,518.0
Honduras,2002,18.0,550.0
Honduras,2003,10.0,611.0
Honduras,2004,0.0,641.0
Honduras,2005,61.0,673.0
Honduras,2006,4.0,739.0
Honduras,2007,7.0,804.0
Honduras,2008,67.0,869.0
Honduras,2009,14.0,836.0
Honduras,2010,211.0,863.0
Honduras,2011,33.0,871.0
Honduras,2012,0.0,895.0
Honduras,2013,27.0,863.0
Honduras,2014,4.0,868.0
Honduras,2015,0.0,880.0
Honduras,2016,7.0,838.0
Honduras,2017,21.0,850.0
Honduras,2018,6.0,847.0
Honduras,2019,128.0,724.0
Hungary,2000,1.0,2992.0
Hungary,2001,81.0,3070.0
Hungary,2002,0.0,3013.0
Hungary,2003,0.0,2948.0
Hungary,2004,0.0,12212.0
Hungary,2005,52.0,9979.0
Hungary,2006,5.0,9259.0
Hungary,2007,500.0,8638.0
Hungary,2008,17.0,8814.0
Hungary,2009,0.0,9058.0
Hungary,2010,1.0,9510.0
Hungary,2011,0.0,10250.0
Hungary,2012,16.0,10353.0
Hungary,2013,0.0,10624.0
Hungary,2014,0.0,12140.0
Hungary,2015,0.0,14316.0
Hungary,2016,0.0,15255.0
Hungary,2017,0.0,15785.0
Hungary,2018,179.0,17552.0
Hungary,2019,0.0,16937.0
Iceland,2000,0.0,303.0
Iceland,2001,0.0,301.0
Iceland,2002,0.0,285.0
Iceland,2003,0.0,317.0
Iceland,2004,0.0,360.0
Iceland,2005,0.0,374.0
Iceland,2006,0.0,422.0
Iceland,2007,0.0,485.0
Iceland,2008,0.0,502.0
Iceland,2009,0.0,494.0
Iceland,2010,0.0,489.0
Iceland,2011,0.0,566.0
Iceland,2012,0.0,673.0
Iceland,2013,0.0,807.3
Iceland,2014,0.0,997.0
Iceland,2015,0.0,1289.0
Iceland,2016,0.0,1792.0
Iceland,2017,0.0,2225.0
Iceland,2018,0.0,2343.8
Iceland,2019,0.0,2013.0
India,2000,2810.0,2649.0
India,2001,21045.0,2537.0
India,2002,2991.0,2384.0
India,2003,2251.0,2726.0
India,2004,17737.0,3457.0
India,2005,5041.0,3919.0
India,2006,1431.0,4447.0
India,2007,2236.0,5082.0
India,2008,1808.0,5283.0
India,2009,2204.0,5168.0
India,2010,1344.0,5776.0
India,2011,1038.0,6309.0
India,2012,599.0,6578.0
India,2013,7119.0,6968.0
India,2014,1072.0,13107.0
India,2015,3400.0,13284.0
India,2016,1129.0,14570.0
India,2017,2346.0,15631.0
India,2018,1396.0,16492.0
India,2019,2428.0,17754.0
Israel,2000,15.0,2417.0
Israel,2001,0.0,1196.0
Israel,2002,0.0,861.9
Israel,2003,0.0,1063.0
Israel,2004,0.0,1505.6
Israel,2005,0.0,1903.0
Israel,2006,0.0,1825.0
Israel,2007,0.0,2067.0
Israel,2008,0.0,2572.0
Israel,2009,0.0,2321.0
Israel,2010,46.0,2803.0
Israel,2011,0.0,2820.0
Israel,2012,0.0,2886.0
Israel,2013,4.0,2962.0
Israel,2014,0.0,2927.0
Israel,2015,0.0,2799.0
Israel,2016,0.0,2900.0
Israel,2017,0.0,3613.0
Israel,2018,12.0,4121.0
Israel,2019,0.0,4552.0
Italy,2000,44.0,41181.0
Italy,2001,0.0,39563.0
Italy,2002,37.0,39799.0
Italy,2003,20092.0,39604.0
Italy,2004,2.0,37071.0
Italy,2005,9.0,36513.0
Italy,2006,5.0,41058.0
Italy,2007,17.0,43654.0
Italy,2008,9.0,42734.0
Italy,2009,340.0,43239.0
Italy,2010,3.0,43626.0
Italy,2011,26.0,46119.0
Italy,2012,75.0,46360.0
Italy,2013,18.0,47704.0
Italy,2014,15.0,48576.0
Italy,2015,7.0,50732.0
Italy,2016,298.0,52372.0
Italy,2017,45.0,58253.0
Italy,2018,23.0,61567.2
Italy,2019,7.0,64513.0
Jamaica,2000,0.0,1323.0
Jamaica,2001,1.0,1277.0
Jamaica,2002,13.0,1266.0
Jamaica,2003,0.0,1350.0
Jamaica,2004,16.0,1415.0
Jamaica,2005,6.0,1479.0
Jamaica,2006,4.0,1679.0
Jamaica,2007,5.0,1701.0
Jamaica,2008,13.0,1767.0
Jamaica,2009,0.0,1831.0
Jamaica,2010,15.0,1922.0
Jamaica,2011,0.0,1952.0
Jamaica,2012,1.0,1986.0
Jamaica,2013,0.0,2008.4
Jamaica,2014,0.0,2080.0
Jamaica,2015,0.0,2123.0
Jamaica,2016,0.0,2182.0
Jamaica,2017,0.0,2353.0
Jamaica,2018,0.0,2473.0
Jamaica,2019,0.0,2681.0
Jordan,2000,9.0,1580.0
Jordan,2001,0.0,1672.0
Jordan,2002,0.0,2384.0
Jordan,2003,0.0,2353.0
Jordan,2004,0.0,2853.0
Jordan,2005,0.0,2987.0
Jordan,2006,0.0,3225.0
Jordan,2007,0.0,3431.0
Jordan,2008,0.0,3729.0
Jordan,2009,0.0,3789.0
Jordan,2010,0.0,4207.0
Jordan,2011,0.0,3960.0
Jordan,2012,0.0,4162.0
Jordan,2013,0.0,3945.0
Jordan,2014,0.0,3990.0
Jordan,2015,0.0,3761.0
Jordan,2016,0.0,3567.0
Jordan,2017,0.0,3843.5
Jordan,2018,34.0,4150.0
Jordan,2019,0.0,4488.4
Kiribati,2000,0.0,4.8
Kiribati,2001,0.0,4.6
Kiribati,2002,0.0,4.9
Kiribati,2003,0.0,4.9
Kiribati,2004,0.0,3.4
Kiribati,2005,0.0,4.1
Kiribati,2006,0.0,4.4
Kiribati,2007,0.0,4.7
Kiribati,2008,0.0,3.9
Kiribati,2009,0.0,3.9
Kiribati,2010,0.0,4.7
Kiribati,2011,0.0,5.3
Kiribati,2012,0.0,4.9
Kiribati,2013,0.0,5.9
Kiribati,2014,0.0,5.0
Kiribati,2015,0.0,3.9
Kiribati,2016,0.0,5.7
Kiribati,2017,0.0,5.8
Kiribati,2018,0.0,7.1
Kiribati,2019,0.0,7.9
Kuwait,2000,0.0,78.0
Kuwait,2001,0.0,73.0
Kuwait,2002,0.0,96.0
Kuwait,2003,0.0,94.0
Kuwait,2004,0.0,91.0
Kuwait,2005,0.0,104.0
Kuwait,2006,0.0,185.0
Kuwait,2007,0.0,293.0
Kuwait,2008,0.0,259.0
Kuwait,2009,0.0,297.0
Kuwait,2010,0.0,207.0
Kuwait,2011,0.0,269.0
Kuwait,2012,0.0,300.0
Kuwait,2013,0.0,307.0
Kuwait,2014,0.0,198.0
Kuwait,2015,0.0,182.0
Kuwait,2016,0.0,203.0
Kuwait,2017,0.0,183.0
Kuwait,2018,1.0,200.0
Kuwait,2019,0.0,153.0
Latvia,2000,0.0,509.0
Latvia,2001,21.0,591.0
Latvia,2002,0.0,848.0
Latvia,2003,15.0,971.0
Latvia,2004,0.0,1079.0
Latvia,2005,0.0,1116.0
Latvia,2006,40.0,1535.0
Latvia,2007,0.0,1653.0
Latvia,2008,0.0,1684.0
Latvia,2009,0.0,1323.0
Latvia,2010,0.0,1373.0
Latvia,2011,0.0,1493.0
Latvia,2012,10.0,1435.0
Latvia,2013,0.0,1536.0
Latvia,2014,0.0,1843.0
Latvia,2015,0.0,2024.0
Latvia,2016,0.0,1793.0
Latvia,2017,0.0,1949.0
Latvia,2018,0.0,1946.0
Latvia,2019,0.0,1935.0
Lebanon,2000,0.0,742.0
Lebanon,2001,0.0,837.0
Lebanon,2002,0.0,956.0
Lebanon,2003,0.0,1016.0
Lebanon,2004,0.0,1278.0
Lebanon,2005,0.0,1140.0
Lebanon,2006,0.0,1063.0
Lebanon,2007,1.0,1017.0
Lebanon,2008,0.0,1333.0
Lebanon,2009,0.0,1844.0
Lebanon,2010,0.0,2168.0
Lebanon,2011,0.0,1655.0
Lebanon,2012,0.0,1366.0
Lebanon,2013,0.0,1274.0
Lebanon,2014,0.0,1355.0
Lebanon,2015,5.0,1518.0
Lebanon,2016,0.0,1688.0
Lebanon,2017,0.0,1857.0
Lebanon,2018,15.0,1964.0
Lebanon,2019,3.0,1936.0
Lithuania,2000,0.0,1083.0
Lithuania,2001,20.0,1271.0
Lithuania,2002,0.0,1428.0
Lithuania,2003,0.0,1491.0
Lithuania,2004,0.0,1800.0
Lithuania,2005,0.0,2000.0
Lithuania,2006,0.0,2180.0
Lithuania,2007,0.0,1486.0
Lithuania,2008,0.0,1611.0
Lithuania,2009,0.0,1341.0
Lithuania,2010,9.0,1507.0
Lithuania,2011,0.0,1775.0
Lithuania,2012,30.0,1900.0
Lithuania,2013,0.0,2012.0
Lithuania,2014,0.0,2063.0
Lithuania,2015,0.0,2071.0
Lithuania,2016,0.0,2296.0
Lithuania,2017,0.0,2523.0
Lithuania,2018,5.0,2825.0
Lithuania,2019,0.0,2875.0
Luxembourg,2000,0.0,852.0
Luxembourg,2001,0.0,836.0
Luxembourg,2002,0.0,885.0
Luxembourg,2003,170.0,867.0
Luxembourg,2004,0.0,878.0
Luxembourg,2005,0.0,913.0
Luxembourg,2006,0.0,908.0
Luxembourg,2007,0.0,914.0
Luxembourg,2008,0.0,877.0
Luxembourg,2009,0.0,847.0
Luxembourg,2010,0.0,805.0
Luxembourg,2011,0.0,874.0
Luxembourg,2012,0.0,950.0
Luxembourg,2013,0.0,945.0
Luxembourg,2014,0.0,1038.0
Luxembourg,2015,0.0,1090.0
Luxembourg,2016,0.0,1054.0
Luxembourg,2017,0.0,1046.0
Luxembourg,2018,0.0,1018.0
Luxembourg,2019,0.0,1041.0
Madagascar,2000,153.0,160.0
Madagascar,2001,0.0,170.0
Madagascar,2002,693.0,62.0
Madagascar,2003,105.0,139.0
Madagascar,2004,395.0,229.0
Madagascar,2005,107.0,277.0
Madagascar,2006,4.0,312.0
Madagascar,2007,88.0,344.0
Madagascar,2008,125.0,375.0
Madagascar,2009,27.0,163.0
Madagascar,2010,120.0,196.0
Madagascar,2011,35.0,225.0
Madagascar,2012,112.0,256.0
Madagascar,2013,164.0,196.0
Madagascar,2014,17.0,222.0
Madagascar,2015,121.0,244.0
Madagascar,2016,0.0,293.0
Madagascar,2017,288.0,255.0
Madagascar,2018,94.0,291.0
Madagascar,2019,17.0,384.0
Malawi,2000,83.0,228.0
Malawi,2001,1190.0,266.0
Malawi,2002,725.0,383.0
Malawi,2003,12.0,424.0
Malawi,2004,0.0,427.0
Malawi,2005,12.0,438.0
Malawi,2006,28.0,638.0
Malawi,2007,2.0,735.0
Malawi,2008,113.0,742.0
Malawi,2009,66.0,755.0
Malawi,2010,0.0,746.0
Malawi,2011,4.0,767.0
Malawi,2012,4.0,770.0
Malawi,2013,3.0,795.0
Malawi,2014,0.0,819.0
Malawi,2015,294.0,805.0
Malawi,2016,12.0,849.0
Malawi,2017,6.0,837.0
Malawi,2018,5.0,871.0
Malawi,2019,68.0,978.0
Malaysia,2000,16.0,10222.0
Malaysia,2001,11.0,12775.0
Malaysia,2002,12.0,13292.0
Malaysia,2003,8.0,10577.0
Malaysia,2004,97.0,15703.0
Malaysia,2005,13.0,16431.0
Malaysia,2006,6.0,17547.0
Malaysia,2007,102.0,20973.0
Malaysia,2008,0.0,22052.0
Malaysia,2009,0.0,23646.0
Malaysia,2010,0.0,24577.0
Malaysia,2011,18.0,24714.0
Malaysia,2012,0.0,25033.0
Malaysia,2013,4.0,25715.0
Malaysia,2014,17.0,27437.0
Malaysia,2015,25.0,25721.0
Malaysia,2016,0.0,26757.0
Malaysia,2017,9.0,25948.0
Malaysia,2018,2.0,25832.0
Malaysia,2019,2.0,26101.0
Maldives,2000,0.0,467.0
Maldives,2001,0.0,461.0
Maldives,2002,0.0,485.0
Maldives,2003,0.0,564.0
Maldives,2004,102.0,617.0
Maldives,2005,0.0,395.0
Maldives,2006,0.0,602.0
Maldives,2007,0.0,676.0
Maldives,2008,0.0,683.0
Maldives,2009,0.0,656.0
Maldives,2010,0.0,792.0
Maldives,2011,4.0,931.0
Maldives,2012,0.0,958.0
Maldives,2013,0.0,1125.0
Maldives,2014,0.0,1205.0
Maldives,2015,0.0,1234.0
Maldives,2016,0.0,1286.0
Maldives,2017,0.0,1390.0
Maldives,2018,0.0,1484.0
Maldives,2019,0.0,1703.0
Mali,2000,15.0,86.0
Mali,2001,2.0,89.0
Mali,2002,35.0,96.0
Mali,2003,106.0,110.0
Mali,2004,0.0,113.0
Mali,2005,43.0,143.0
Mali,2006,10.0,153.0
Mali,2007,18.0,164.0
Mali,2008,0.0,190.0
Mali,2009,35.0,160.0
Mali,2010,0.0,169.0
Mali,2011,50.0,160.0
Mali,2012,0.0,134.0
Mali,2013,37.0,142.0
Mali,2014,6.0,168.0
Mali,2015,5.0,159.0
Mali,2016,13.0,173.0
Mali,2017,0.0,193.0
Mali,2018,0.0,203.0
Mali,2019,15.0,217.0
Martinique,2000,0.0,526.0
Martinique,2001,0.0,460.0
Martinique,2002,0.0,447.0
Martinique,2003,0.0,453.0
Martinique,2004,0.0,471.0
Martinique,2005,0.0,484.0
Martinique,2006,0.0,503.0
Martinique,2007,2.0,501.0
Martinique,2008,0.0,481.0
Martinique,2009,0.0,442.0
Martinique,2010,13.0,478.0
Martinique,2011,1.0,497.0
Martinique,2012,0.0,488.0
Martinique,2013,0.0,490.0
Martinique,2014,0.0,490.0
Martinique,2015,0.0,487.0
Martinique,2016,0.0,519.0
Martinique,2017,0.0,536.0
Martinique,2018,0.0,537.0
Martinique,2019,0.0,556.0
Mauritius,2000,0.0,656.0
Mauritius,2001,0.0,660.0
Mauritius,2002,3.0,682.0
Mauritius,2003,0.0,702.0
Mauritius,2004,0.0,719.0
Mauritius,2005,0.0,761.0
Mauritius,2006,0.0,788.0
Mauritius,2007,2.0,907.0
Mauritius,2008,0.0,930.0
Mauritius,2009,0.0,871.0
Mauritius,2010,0.0,935.0
Mauritius,2011,0.0,965.0
Mauritius,2012,0.0,965.0
Mauritius,2013,11.0,993.0
Mauritius,2014,0.0,1038.0
Mauritius,2015,0.0,1151.0
Mauritius,2016,0.0,1275.0
Mauritius,2017,0.0,1342.0
Mauritius,2018,0.0,1399.0
Mauritius,2019,0.0,1383.0
Mexico,2000,236.0,20641.0
Mexico,2001,26.0,19810.0
Mexico,2002,103.0,19667.0
Mexico,2003,70.0,18665.0
Mexico,2004,52.0,20618.0
Mexico,2005,88.0,21915.0
Mexico,2006,41.0,21353.0
Mexico,2007,58.0,21606.0
Mexico,2008,36.0,22931.0
Mexico,2009,32.0,22346.0
Mexico,2010,182.0,23290.0
Mexico,2011,125.0,23403.0
Mexico,2012,21.0,23403.0
Mexico,2013,223.0,24151.0
Mexico,2014,22.0,29346.0
Mexico,2015,42.0,32093.0
Mexico,2016,90.0,35079.0
Mexico,2017,498.0,39291.0
Mexico,2018,40.0,41313.0
Mexico,2019,16.0,45024.0
Mongolia,2000,23.0,154.0
Mongolia,2001,16.0,187.0
Mongolia,2002,3.0,229.0
Mongolia,2003,15.0,201.0
Mongolia,2004,0.0,301.0
Mongolia,2005,0.0,339.0
Mongolia,2006,0.0,404.0
Mongolia,2007,0.0,452.0
Mongolia,2008,52.0,446.0
Mongolia,2009,31.0,412.0
Mongolia,2010,0.0,456.0
Mongolia,2011,0.0,460.0
Mongolia,2012,0.0,476.0
Mongolia,2013,0.0,418.0
Mongolia,2014,0.0,393.0
Mongolia,2015,0.0,386.0
Mongolia,2016,0.0,404.0
Mongolia,2017,17.0,469.0
Mongolia,2018,0.0,529.0
Mongolia,2019,12.0,577.0
Montserrat,2000,0.0,10.3
Montserrat,2001,0.0,9.8
Montserrat,2002,0.0,9.8
Montserrat,2003,0.0,8.4
Montserrat,2004,0.0,10.1
Montserrat,2005,0.0,9.7
Montserrat,2006,0.0,8.0
Montserrat,2007,0.0,7.7
Montserrat,2008,0.0,7.4
Montserrat,2009,0.0,6.3
Montserrat,2010,0.0,6.0
Montserrat,2011,0.0,5.4
Montserrat,2012,0.0,7.31
Montserrat,2013,0.0,7.2
Montserrat,2014,0.0,8.8
Montserrat,2015,0.0,8.9
Montserrat,2016,0.0,8.7
Montserrat,2017,0.0,9.5
Montserrat,2018,0.0,10.2
Montserrat,2019,0.0,10.4
Morocco,2000,6.0,4278.0
Morocco,2001,15.0,4380.0
Morocco,2002,80.0,4453.0
Morocco,2003,35.0,4761.0
Morocco,2004,628.0,5477.0
Morocco,2005,1.0,5843.0
Morocco,2006,17.0,6558.0
Morocco,2007,0.0,7408.0
Morocco,2008,30.0,7879.0
Morocco,2009,29.0,8341.0
Morocco,2010,42.0,9288.0
Morocco,2011,0.0,9342.0
Morocco,2012,0.0,9375.0
Morocco,2013,0.0,10046.0
Morocco,2014,60.0,10283.0
Morocco,2015,0.0,10177.0
Morocco,2016,0.0,10332.0
Morocco,2017,0.0,11349.0
Morocco,2018,0.0,12289.0
Morocco,2019,39.0,12932.0
Myanmar,2000,0.0,416.0
Myanmar,2001,51.0,475.0
Myanmar,2002,21.0,487.0
Myanmar,2003,0.0,597.0
Myanmar,2004,307.0,657.0
Myanmar,2005,17.0,660.0
Myanmar,2006,59.0,630.0
Myanmar,2007,35.0,716.0
Myanmar,2008,138366.0,731.0
Myanmar,2009,24.0,763.0
Myanmar,2010,373.0,792.0
Myanmar,2011,225.0,816.0
Myanmar,2012,40.0,1059.0
Myanmar,2013,23.0,2044.0
Myanmar,2014,0.0,3081.0
Myanmar,2015,213.0,4681.0
Myanmar,2016,131.0,2907.0
Myanmar,2017,3.0,3443.0
Myanmar,2018,67.0,3551.0
Myanmar,2019,128.0,4364.0
Namibia,2000,14.0,656.0
Namibia,2001,134.0,670.0
Namibia,2002,0.0,757.0
Namibia,2003,2.0,695.0
Namibia,2004,0.0,716.0
Namibia,2005,0.0,778.0
Namibia,2006,15.0,833.0
Namibia,2007,14.0,929.0
Namibia,2008,51.0,931.0
Namibia,2009,92.0,980.0
Namibia,2010,8.0,984.0
Namibia,2011,108.0,1027.0
Namibia,2012,0.0,1079.0
Namibia,2013,17.0,1176.0
Namibia,2014,0.0,1320.0
Namibia,2015,0.0,1388.0
Namibia,2016,0.0,1469.0
Namibia,2017,0.0,1499.0
Namibia,2018,0.0,1557.0
Namibia,2019,0.0,1596.0
Nepal,2000,463.0,464.0
Nepal,2001,170.0,361.0
Nepal,2002,564.0,275.0
Nepal,2003,287.0,338.0
Nepal,2004,185.0,385.0
Nepal,2005,69.0,375.0
Nepal,2006,157.0,384.0
Nepal,2007,214.0,527.0
Nepal,2008,115.0,500.0
Nepal,2009,459.0,510.0
Nepal,2010,223.0,603.0
Nepal,2011,182.0,736.0
Nepal,2012,83.0,803.0
Nepal,2013,244.0,798.0
Nepal,2014,573.0,790.0
Nepal,2015,9034.0,539.0
Nepal,2016,174.0,753.0
Nepal,2017,198.0,940.0
Nepal,2018,65.0,1173.0
Nepal,2019,147.0,1197.0
Netherlands,2000,0.0,10003.0
Netherlands,2001,0.0,9500.0
Netherlands,2002,4.0,9595.0
Netherlands,2003,965.0,9181.0
Netherlands,2004,0.0,9646.0
Netherlands,2005,0.0,10012.0
Netherlands,2006,1000.0,10739.0
Netherlands,2007,7.0,11008.0
Netherlands,2008,0.0,10104.0
Netherlands,2009,0.0,9921.0
Netherlands,2010,0.0,10883.0
Netherlands,2011,0.0,11300.0
Netherlands,2012,1.0,11680.0
Netherlands,2013,2.0,12783.0
Netherlands,2014,0.0,13925.0
Netherlands,2015,0.0,15007.0
Netherlands,2016,0.0,15828.0
Netherlands,2017,0.0,17924.0
Netherlands,2018,103.0,18780.0
Netherlands,2019,400.0,20129.0
New Zealand,2000,0.0,1780.0
New Zealand,2001,0.0,1900.0
New Zealand,2002,0.0,2026.0
New Zealand,2003,2.0,2086.0
New Zealand,2004,4.0,2325.0
New Zealand,2005,0.0,2353.0
New Zealand,2006,0.0,2390.0
New Zealand,2007,0.0,2434.0
New Zealand,2008,0.0,2371.0
New Zealand,2009,0.0,2373.0
New Zealand,2010,0.0,2435.0
New Zealand,2011,182.0,2511.0
New Zealand,2012,3.0,2473.0
New Zealand,2013,0.0,2629.0
New Zealand,2014,0.0,2772.0
New Zealand,2015,1.0,3039.0
New Zealand,2016,2.0,3370.0
New Zealand,2017,0.0,3555.0
New Zealand,2018,0.0,3686.0
New Zealand,2019,21.0,3702.0
Nicaragua,2000,9.0,486.0
Nicaragua,2001,16.0,483.0
Nicaragua,2002,2.0,472.0
Nicaragua,2003,0.0,526.0
Nicaragua,2004,29.0,615.0
Nicaragua,2005,7.0,712.0
Nicaragua,2006,0.0,749.0
Nicaragua,2007,187.0,800.0
Nicaragua,2008,30.0,858.0
Nicaragua,2009,8.0,932.0
Nicaragua,2010,87.0,1011.0
Nicaragua,2011,17.0,1060.0
Nicaragua,2012,9.0,1180.0
Nicaragua,2013,30.0,1229.0
Nicaragua,2014,2.0,1330.0
Nicaragua,2015,2.0,1386.0
Nicaragua,2016,0.0,1504.0
Nicaragua,2017,22.0,1787.0
Nicaragua,2018,4.0,1256.0
Nicaragua,2019,15.0,1295.0
Niue,2000,0.0,1.9
Niue,2001,0.0,1.4
Niue,2002,0.0,2.1
Niue,2003,0.0,2.7
Niue,2004,1.0,2.6
Niue,2005,0.0,2.8
Niue,2006,0.0,3.0
Niue,2007,0.0,3.5
Niue,2008,0.0,4.7
Niue,2009,0.0,4.7
Niue,2010,0.0,6.2
Niue,2011,0.0,6.1
Niue,2012,0.0,5.0
Niue,2013,0.0,7.0
Niue,2014,0.0,7.4
Niue,2015,0.0,7.7
Niue,2016,0.0,8.9
Niue,2017,0.0,9.8
Niue,2018,0.0,10.5
Niue,2019,0.0,10.2
North Macedonia,2000,0.0,224.0
North Macedonia,2001,15.0,99.0
North Macedonia,2002,0.0,123.0
North Macedonia,2003,2.0,158.0
North Macedonia,2004,15.0,165.0
North Macedonia,2005,1.0,197.0
North Macedonia,2006,0.0,202.0
North Macedonia,2007,1.0,230.0
North Macedonia,2008,0.0,255.0
North Macedonia,2009,0.0,259.0
North Macedonia,2010,0.0,262.0
North Macedonia,2011,0.0,327.0
North Macedonia,2012,1.0,351.0
North Macedonia,2013,1.0,400.0
North Macedonia,2014,0.0,425.0
North Macedonia,2015,7.0,486.0
North Macedonia,2016,22.0,510.0
North Macedonia,2017,3.0,631.0
North Macedonia,2018,0.0,707.0
North Macedonia,2019,0.0,758.0
Northern Mariana Islands,2000,0.0,517.0
Northern Mariana Islands,2001,0.0,438.0
Northern Mariana Islands,2002,0.0,466.0
Northern Mariana Islands,2003,0.0,452.0
Northern Mariana Islands,2004,3.0,525.0
Northern Mariana Islands,2005,0.0,498.0
Northern Mariana Islands,2006,0.0,429.0
Northern Mariana Islands,2007,0.0,385.0
Northern Mariana Islands,2008,0.0,388.0
Northern Mariana Islands,2009,0.0,345.0
Northern Mariana Islands,2010,0.0,375.0
Northern Mariana Islands,2011,0.0,336.0
Northern Mariana Islands,2012,0.0,399.0
Northern Mariana Islands,2013,0.0,436.0
Northern Mariana Islands,2014,0.0,455.0
Northern Mariana Islands,2015,0.0,475.1
Northern Mariana Islands,2016,0.0,526.0
Northern Mariana Islands,2017,0.0,656.0
Northern Mariana Islands,2018,2.0,517.0
Northern Mariana Islands,2019,0.0,484.0
Norway,2000,0.0,3104.0
Norway,2001,0.0,3073.0
Norway,2002,0.0,3111.0
Norway,2003,0.0,3269.0
Norway,2004,0.0,3628.0
Norway,2005,0.0,3824.0
Norway,2006,1.0,4070.0
Norway,2007,0.0,4377.0
Norway,2008,0.0,4347.0
Norway,2009,0.0,4346.0
Norway,2010,0.0,4767.0
Norway,2011,4.0,4963.0
Norway,2012,0.0,4538.0
Norway,2013,0.0,4778.0
Norway,2014,0.0,4855.0
Norway,2015,0.0,5361.0
Norway,2016,0.0,5960.0
Norway,2017,0.0,6252.0
Norway,2018,0.0,5688.0
Norway,2019,1.0,5879.0
Oman,2000,0.0,571.0
Oman,2001,0.0,829.0
Oman,2002,0.0,817.0
Oman,2003,30.0,1039.0
Oman,2004,0.0,1195.0
Oman,2005,0.0,891.0
Oman,2006,0.0,1066.0
Oman,2007,76.0,1223.0
Oman,2008,0.0,1373.0
Oman,2009,0.0,1521.0
Oman,2010,16.0,1441.0
Oman,2011,14.0,1018.0
Oman,2012,0.0,1241.0
Oman,2013,0.0,1392.0
Oman,2014,0.0,1611.0
Oman,2015,0.0,1909.0
Oman,2016,2.0,2335.0
Oman,2017,3.0,2316.0
Oman,2018,6.0,2301.0
Oman,2019,6.0,2500.0
Palau,2000,0.0,58.0
Palau,2001,0.0,54.0
Palau,2002,0.0,59.0
Palau,2003,0.0,63.0
Palau,2004,0.0,89.0
Palau,2005,0.0,81.0
Palau,2006,0.0,82.0
Palau,2007,0.0,88.0
Palau,2008,0.0,81.0
Palau,2009,0.0,71.0
Palau,2010,0.0,85.0
Palau,2011,0.0,111.0
Palau,2012,0.0,120.0
Palau,2013,0.0,108.0
Palau,2014,0.0,140.0
Palau,2015,0.0,162.0
Palau,2016,0.0,138.0
Palau,2017,0.0,123.0
Palau,2018,0.0,106.0
Palau,2019,0.0,94.0
Panama,2000,1.0,484.0
Panama,2001,0.0,519.0
Panama,2002,5.0,534.0
Panama,2003,2.0,566.0
Panama,2004,16.0,621.0
Panama,2005,3.0,702.0
Panama,2006,11.0,843.0
Panama,2007,2.0,1103.0
Panama,2008,28.0,1247.0
Panama,2009,0.0,1200.0
Panama,2010,15.0,1324.0
Panama,2011,0.0,1473.0
Panama,2012,6.0,1606.0
Panama,2013,0.0,1658.0
Panama,2014,9.0,1745.0
Panama,2015,0.0,2110.0
Panama,2016,7.0,1921.0
Panama,2017,7.0,1843.0
Panama,2018,0.0,1785.0
Panama,2019,0.0,1753.0
Papua New Guinea,2000,2.0,58.0
Papua New Guinea,2001,0.0,54.0
Papua New Guinea,2002,183.0,54.0
Papua New Guinea,2003,13.0,56.0
Papua New Guinea,2004,0.0,59.0
Papua New Guinea,2005,2.0,69.0
Papua New Guinea,2006,16.0,78.0
Papua New Guinea,2007,172.0,104.0
Papua New Guinea,2008,10.0,114.0
Papua New Guinea,2009,211.0,121.0
Papua New Guinea,2010,0.0,140.0
Papua New Guinea,2011,0.0,158.0
Papua New Guinea,2012,65.0,168.0
Papua New Guinea,2013,0.0,174.0
Papua New Guinea,2014,0.0,182.0
Papua New Guinea,2015,24.0,183.0
Papua New Guinea,2016,0.0,179.0
Papua New Guinea,2017,0.0,139.0
Papua New Guinea,2018,181.0,140.0
Papua New Guinea,2019,12.0,160.0
Paraguay,2000,8.0,289.0
Paraguay,2001,0.0,279.0
Paraguay,2002,0.0,250.0
Paraguay,2003,0.0,268.0
Paraguay,2004,0.0,309.0
Paraguay,2005,0.0,341.0
Paraguay,2006,17.0,388.0
Paraguay,2007,8.0,416.0
Paraguay,2008,12.0,428.0
Paraguay,2009,8.0,439.0
Paraguay,2010,12.0,465.0
Paraguay,2011,44.0,524.0
Paraguay,2012,5.0,579.0
Paraguay,2013,0.0,610.0
Paraguay,2014,0.0,649.0
Paraguay,2015,14.0,1215.0
Paraguay,2016,0.0,1308.0
Paraguay,2017,0.0,1584.0
Paraguay,2018,0.0,1181.0
Paraguay,2019,40.0,1216.0
Peru,2000,33.0,800.0
Peru,2001,186.0,901.0
Peru,2002,82.0,1064.0
Peru,2003,361.0,1136.0
Peru,2004,101.0,1350.0
Peru,2005,5.0,1571.0
Peru,2006,0.0,1721.0
Peru,2007,677.0,1916.0
Peru,2008,40.0,2058.0
Peru,2009,577.0,2140.0
Peru,2010,510.0,2299.0
Peru,2011,109.0,2598.0
Peru,2012,299.0,2846.0
Peru,2013,69.0,3164.0
Peru,2014,554.0,3215.0
Peru,2015,30.0,3456.0
Peru,2016,33.0,3744.0
Peru,2017,200.0,4032.0
Peru,2018,2.0,4419.0
Peru,2019,78.0,4372.0
Philippines,2000,748.0,1992.0
Philippines,2001,630.0,1797.0
Philippines,2002,320.0,1933.0
Philippines,2003,350.0,1907.0
Philippines,2004,1950.0,2291.0
Philippines,2005,39.0,2623.0
Philippines,2006,2984.0,2843.0
Philippines,2007,118.0,3092.0
Philippines,2008,959.0,3139.0
Philippines,2009,1307.0,3017.0
Philippines,2010,1113.0,3520.0
Philippines,2011,1989.0,3917.0
Philippines,2012,2415.0,4273.0
Philippines,2013,7750.0,4681.0
Philippines,2014,331.0,4833.0
Philippines,2015,201.0,5361.0
Philippines,2016,87.0,5967.0
Philippines,2017,233.0,6621.0
Philippines,2018,832.0,7168.0
Philippines,2019,1005.0,8261.0
Poland,2000,84.0,17400.0
Poland,2001,297.0,15000.0
Poland,2002,192.0,13980.0
Poland,2003,0.0,13720.0
Poland,2004,1.0,14290.0
Poland,2005,194.0,15200.0
Poland,2006,0.0,15670.0
Poland,2007,19.0,14975.0
Poland,2008,84.0,12960.0
Poland,2009,307.0,11890.0
Poland,2010,228.0,12470.0
Poland,2011,26.0,13350.0
Poland,2012,274.0,14840.0
Poland,2013,29.0,15800.0
Poland,2014,78.0,16000.0
Poland,2015,78.0,16728.0
Poland,2016,23.0,17471.0
Poland,2017,6.0,18258.0
Poland,2018,9.0,19622.0
Poland,2019,4.0,21158.0
Portugal,2000,5.0,12097.0
Portugal,2001,6.0,12167.0
Portugal,2002,1.0,11644.0
Portugal,2003,2710.0,11707.0
Portugal,2004,2.0,10639.0
Portugal,2005,477.0,10612.0
Portugal,2006,44.0,11282.0
Portugal,2007,0.0,6788.0
Portugal,2008,2.0,6962.0
Portugal,2009,0.0,6439.0
Portugal,2010,46.0,6756.0
Portugal,2011,0.0,7264.0
Portugal,2012,0.0,7503.0
Portugal,2013,10.0,9177.0
Portugal,2014,1.0,10497.0
Portugal,2015,0.0,11723.0
Portugal,2016,4.0,13359.0
Portugal,2017,109.0,15432.0
Portugal,2018,2.0,16186.0
Portugal,2019,3.0,17283.0
Puerto Rico,2000,0.0,3341.0
Puerto Rico,2001,2.0,3551.0
Puerto Rico,2002,0.0,3087.0
Puerto Rico,2003,2.0,3238.0
Puerto Rico,2004,2.0,3541.0
Puerto Rico,2005,0.0,3686.0
Puerto Rico,2006,0.0,3722.0
Puerto Rico,2007,1.0,3687.0
Puerto Rico,2008,0.0,3716.0
Puerto Rico,2009,0.0,3183.0
Puerto Rico,2010,0.0,3186.0
Puerto Rico,2011,1.0,3048.0
Puerto Rico,2012,0.0,3069.0
Puerto Rico,2013,0.0,3172.0
Puerto Rico,2014,1.0,3246.0
Puerto Rico,2015,0.0,3542.0
Puerto Rico,2016,0.0,3736.0
Puerto Rico,2017,66.0,3513.0
Puerto Rico,2018,0.0,3068.0
Puerto Rico,2019,0.0,3180.0
Saint Kitts and Nevis,2000,0.0,73.0
Saint Kitts and Nevis,2001,0.0,71.0
Saint Kitts and Nevis,2002,0.0,69.0
Saint Kitts and Nevis,2003,0.0,91.0
Saint Kitts and Nevis,2004,0.0,118.0
Saint Kitts and Nevis,2005,0.0,141.0
Saint Kitts and Nevis,2006,0.0,139.0
Saint Kitts and Nevis,2007,0.0,123.0
Saint Kitts and Nevis,2008,0.0,128.0
Saint Kitts and Nevis,2009,0.0,83.0
Saint Kitts and Nevis,2010,0.0,98.0
Saint Kitts and Nevis,2011,0.0,104.0
Saint Kitts and Nevis,2012,0.0,104.0
Saint Kitts and Nevis,2013,0.0,107.0
Saint Kitts and Nevis,2014,0.0,113.0
Saint Kitts and Nevis,2015,0.0,118.0
Saint Kitts and Nevis,2016,0.0,116.0
Saint Kitts and Nevis,2017,0.0,115.0
Saint Kitts and Nevis,2018,0.0,125.0
Saint Kitts and Nevis,2019,0.0,120.0
Saint Lucia,2000,0.0,270.0
Saint Lucia,2001,0.0,250.0
Saint Lucia,2002,0.0,253.0
Saint Lucia,2003,0.0,277.0
Saint Lucia,2004,0.0,298.0
Saint Lucia,2005,0.0,318.0
Saint Lucia,2006,0.0,303.0
Saint Lucia,2007,1.0,287.0
Saint Lucia,2008,0.0,296.0
Saint Lucia,2009,0.0,278.0
Saint Lucia,2010,14.0,306.0
Saint Lucia,2011,0.0,312.0
Saint Lucia,2012,0.0,307.0
Saint Lucia,2013,6.0,319.0
Saint Lucia,2014,0.0,338.0
Saint Lucia,2015,0.0,345.0
Saint Lucia,2016,0.0,348.0
Saint Lucia,2017,0.0,386.0
Saint Lucia,2018,0.0,395.0
Saint Lucia,2019,0.0,424.0
Saint Vincent and the Grenadines,2000,0.0,73.0
Saint Vincent and the Grenadines,2001,0.0,71.0
Saint Vincent and the Grenadines,2002,4.0,78.0
Saint Vincent and the Grenadines,2003,0.0,79.0
Saint Vincent and the Grenadines,2004,0.0,87.0
Saint Vincent and the Grenadines,2005,0.0,96.0
Saint Vincent and the Grenadines,2006,0.0,97.0
Saint Vincent and the Grenadines,2007,0.0,90.0
Saint Vincent and the Grenadines,2008,0.0,84.0
Saint Vincent and the Grenadines,2009,0.0,75.0
Saint Vincent and the Grenadines,2010,0.0,72.0
Saint Vincent and the Grenadines,2011,0.0,74.0
Saint Vincent and the Grenadines,2012,0.0,74.0
Saint Vincent and the Grenadines,2013,12.0,72.0
Saint Vincent and the Grenadines,2014,0.0,71.0
Saint Vincent and the Grenadines,2015,0.0,75.0
Saint Vincent and the Grenadines,2016,1.0,79.0
Saint Vincent and the Grenadines,2017,0.0,76.0
Saint Vincent and the Grenadines,2018,0.0,80.0
Saint Vincent and the Grenadines,2019,0.0,84.0
Samoa,2000,0.0,88.0
Samoa,2001,0.0,88.0
Samoa,2002,0.0,89.0
Samoa,2003,0.0,92.0
Samoa,2004,1.0,98.0
Samoa,2005,9.0,102.0
Samoa,2006,0.0,110.0
Samoa,2007,0.0,117.0
Samoa,2008,0.0,118.0
Samoa,2009,148.0,122.0
Samoa,2010,0.0,122.0
Samoa,2011,0.0,121.0
Samoa,2012,12.0,126.0
Samoa,2013,0.0,116.0
Samoa,2014,0.0,120.4
Samoa,2015,0.0,128.0
Samoa,2016,0.0,134.0
Samoa,2017,0.0,146.0
Samoa,2018,0.0,164.0
Samoa,2019,83.0,172.0
Saudi Arabia,2000,133.0,6585.0
Saudi Arabia,2001,35.0,6727.0
Saudi Arabia,2002,19.0,7511.0
Saudi Arabia,2003,12.0,7332.0
Saudi Arabia,2004,5.0,8599.0
Saudi Arabia,2005,63.0,8037.0
Saudi Arabia,2006,0.0,8620.0
Saudi Arabia,2007,0.0,11531.0
Saudi Arabia,2008,0.0,14757.0
Saudi Arabia,2009,161.0,10897.0
Saudi Arabia,2010,24.0,10850.0
Saudi Arabia,2011,11.0,14179.0
Saudi Arabia,2012,19.0,16332.0
Saudi Arabia,2013,39.0,15772.0
Saudi Arabia,2014,0.0,18260.0
Saudi Arabia,2015,23.0,17994.0
Saudi Arabia,2016,24.0,18044.0
Saudi Arabia,2017,4.0,16109.0
Saudi Arabia,2018,0.0,15334.0
Saudi Arabia,2019,20.0,17526.0
Seychelles,2000,0.0,130.0
Seychelles,2001,0.0,130.0
Seychelles,2002,0.0,132.0
Seychelles,2003,0.0,122.0
Seychelles,2004,3.0,121.0
Seychelles,2005,0.0,129.0
Seychelles,2006,0.0,141.0
Seychelles,2007,0.0,161.0
Seychelles,2008,0.0,159.0
Seychelles,2009,0.0,158.0
Seychelles,2010,0.0,175.0
Seychelles,2011,0.0,194.0
Seychelles,2012,0.0,208.0
Seychelles,2013,0.0,230.0
Seychelles,2014,0.0,233.0
Seychelles,2015,0.0,276.0
Seychelles,2016,0.0,303.0
Seychelles,2017,0.0,350.0
Seychelles,2018,0.0,362.0
Seychelles,2019,0.0,384.0
Sierra Leone,2000,38.0,15.8
Sierra Leone,2001,12.0,24.1
Sierra Leone,2002,0.0,28.4
Sierra Leone,2003,10.0,38.1
Sierra Leone,2004,66.0,43.6
Sierra Leone,2005,20.0,40.0
Sierra Leone,2006,0.0,33.7
Sierra Leone,2007,0.0,32.2
Sierra Leone,2008,170.0,36.0
Sierra Leone,2009,103.0,37.0
Sierra Leone,2010,16.0,39.0
Sierra Leone,2011,21.0,52.0
Sierra Leone,2012,300.0,60.0
Sierra Leone,2013,0.0,81.0
Sierra Leone,2014,3956.0,44.0
Sierra Leone,2015,10.0,24.0
Sierra Leone,2016,0.0,55.0
Sierra Leone,2017,1102.0,51.0
Sierra Leone,2018,0.0,57.0
Sierra Leone,2019,7.0,63.0
Singapore,2000,2.0,6062.0
Singapore,2001,0.0,5857.0
Singapore,2002,0.0,5855.0
Singapore,2003,0.0,4703.0
Singapore,2004,0.0,6553.0
Singapore,2005,0.0,7079.0
Singapore,2006,0.0,7588.0
Singapore,2007,0.0,7957.0
Singapore,2008,0.0,7778.0
Singapore,2009,0.0,7488.0
Singapore,2010,0.0,9161.0
Singapore,2011,0.0,10390.0
Singapore,2012,0.0,11098.0
Singapore,2013,0.0,11899.0
Singapore,2014,0.0,11864.0
Singapore,2015,0.0,12052.0
Singapore,2016,0.0,12913.0
Singapore,2017,0.0,13903.0
Singapore,2018,0.0,14673.0
Singapore,2019,0.0,15119.0
Slovenia,2000,0.0,1090.0
Slovenia,2001,0.0,1219.0
Slovenia,2002,0.0,1302.0
Slovenia,2003,289.0,1373.0
Slovenia,2004,1.0,1499.0
Slovenia,2005,0.0,1555.0
Slovenia,2006,0.0,1617.0
Slovenia,2007,6.0,1751.0
Slovenia,2008,0.0,1958.0
Slovenia,2009,0.0,1824.0
Slovenia,2010,3.0,2049.0
Slovenia,2011,0.0,2236.0
Slovenia,2012,0.0,2377.0
Slovenia,2013,0.0,2502.0
Slovenia,2014,3.0,2675.0
Slovenia,2015,0.0,3022.0
Slovenia,2016,0.0,3397.0
Slovenia,2017,0.0,3991.0
Slovenia,2018,0.0,4425.0
Slovenia,2019,0.0,4702.0
South Africa,2000,268.0,5872.0
South Africa,2001,50.0,5787.0
South Africa,2002,126.0,6430.0
South Africa,2003,1.0,6505.0
South Africa,2004,5.0,6678.0
South Africa,2005,2.0,7369.0
South Africa,2006,12.0,8396.0
South Africa,2007,48.0,9091.0
South Africa,2008,115.0,9592.0
South Africa,2009,32.0,7012.0
South Africa,2010,40.0,8074.0
South Africa,2011,46.0,8339.0
South Africa,2012,13.0,9188.0
South Africa,2013,3.0,9537.0
South Africa,2014,33.0,9549.0
South Africa,2015,0.0,8904.0
South Africa,2016,24.0,10044.0
South Africa,2017,32.0,10285.0
South Africa,2018,0.0,10472.0
South Africa,2019,102.0,10227.5
Spain,2000,26.0,46403.0
Spain,2001,12.0,48565.0
Spain,2002,0.0,50331.0
Spain,2003,15095.0,50854.0
Spain,2004,29.0,52430.0
Spain,2005,20.0,55914.0
Spain,2006,27.0,58004.0
Spain,2007,6.0,58666.0
Spain,2008,0.0,57192.0
Spain,2009,20.0,52178.0
Spain,2010,5.0,52677.0
Spain,2011,11.0,56177.0
Spain,2012,15.0,57464.0
Spain,2013,0.0,60675.0
Spain,2014,3.0,64939.0
Spain,2015,4.0,68175.0
Spain,2016,5.0,75315.0
Spain,2017,4.0,81869.0
Spain,2018,24.0,82808.0
Spain,2019,24.0,83509.0
Sri Lanka,2000,12.0,400.0
Sri Lanka,2001,0.0,337.0
Sri Lanka,2002,2.0,393.0
Sri Lanka,2003,235.0,501.0
Sri Lanka,2004,35493.0,566.0
Sri Lanka,2005,6.0,549.0
Sri Lanka,2006,25.0,560.0
Sri Lanka,2007,33.0,494.0
Sri Lanka,2008,57.0,438.0
Sri Lanka,2009,349.0,448.0
Sri Lanka,2010,35.0,654.0
Sri Lanka,2011,254.0,856.0
Sri Lanka,2012,53.0,1006.0
Sri Lanka,2013,117.0,1275.0
Sri Lanka,2014,336.0,1527.0
Sri Lanka,2015,10.0,1798.0
Sri Lanka,2016,203.0,2051.0
Sri Lanka,2017,649.0,2116.4
Sri Lanka,2018,34.0,2334.0
Sri Lanka,2019,58.0,1914.0
Sweden,2000,0.0,3828.0
Sweden,2001,0.0,4108.0
Sweden,2002,1.0,4276.0
Sweden,2003,0.0,4268.0
Sweden,2004,0.0,4676.0
Sweden,2005,7.0,4883.0
Sweden,2006,0.0,4729.0
Sweden,2007,0.0,5224.0
Sweden,2008,0.0,4555.0
Sweden,2009,0.0,4899.0
Sweden,2010,0.0,5183.0
Sweden,2011,0.0,11567.0
Sweden,2012,0.0,12372.0
Sweden,2013,7.0,10980.0
Sweden,2014,0.0,10522.0
Sweden,2015,0.0,6482.0
Sweden,2016,0.0,6782.0
Sweden,2017,0.0,7054.0
Sweden,2018,0.0,7440.0
Sweden,2019,0.0,7616.0
Thailand,2000,198.0,9579.0
Thailand,2001,189.0,10133.0
Thailand,2002,190.0,10873.0
Thailand,2003,16.0,10082.0
Thailand,2004,8375.0,11737.0
Thailand,2005,86.0,11567.0
Thailand,2006,280.0,13822.0
Thailand,2007,53.0,14464.0
Thailand,2008,39.0,14584.0
Thailand,2009,15.0,14150.0
Thailand,2010,260.0,15936.0
Thailand,2011,923.0,19230.0
Thailand,2012,0.0,22354.0
Thailand,2013,84.0,26547.0
Thailand,2014,93.0,24810.0
Thailand,2015,3.0,29923.0
Thailand,2016,35.0,32530.0
Thailand,2017,150.0,35592.0
Thailand,2018,0.0,38178.0
Thailand,2019,26.0,39916.0
Togo,2000,0.0,60.0
Togo,2001,235.0,57.0
Togo,2002,95.0,58.0
Togo,2003,40.0,61.0
Togo,2004,0.0,83.0
Togo,2005,0.0,81.0
Togo,2006,0.0,94.0
Togo,2007,41.0,86.0
Togo,2008,12.0,74.0
Togo,2009,0.0,150.0
Togo,2010,82.0,202.0
Togo,2011,0.0,300.0
Togo,2012,0.0,235.0
Togo,2013,7.0,327.0
Togo,2014,0.0,282.0
Togo,2015,24.0,273.0
Togo,2016,0.0,338.0
Togo,2017,0.0,514.0
Togo,2018,0.0,573.0
Togo,2019,0.0,876.0
Tonga,2000,0.0,35.0
Tonga,2001,0.0,32.0
Tonga,2002,0.0,37.0
Tonga,2003,0.0,40.0
Tonga,2004,0.0,41.0
Tonga,2005,0.0,42.0
Tonga,2006,0.0,39.0
Tonga,2007,0.0,46.0
Tonga,2008,0.0,50.0
Tonga,2009,9.0,45.7
Tonga,2010,0.0,47.1
Tonga,2011,3.0,46.0
Tonga,2012,0.0,47.4
Tonga,2013,0.0,48.2
Tonga,2014,1.0,50.4
Tonga,2015,0.0,53.8
Tonga,2016,0.0,59.1
Tonga,2017,0.0,62.5
Tonga,2018,0.0,54.0
Tonga,2019,0.0,67.3
Trinidad and Tobago,2000,0.0,399.0
Trinidad and Tobago,2001,0.0,383.0
Trinidad and Tobago,2002,0.0,384.0
Trinidad and Tobago,2003,0.0,409.0
Trinidad and Tobago,2004,3.0,443.0
Trinidad and Tobago,2005,0.0,463.0
Trinidad and Tobago,2006,0.0,461.0
Trinidad and Tobago,2007,0.0,449.0
Trinidad and Tobago,2008,0.0,437.0
Trinidad and Tobago,2009,0.0,419.0
Trinidad and Tobago,2010,0.0,388.0
Trinidad and Tobago,2011,0.0,431.0
Trinidad and Tobago,2012,0.0,455.0
Trinidad and Tobago,2013,0.0,434.0
Trinidad and Tobago,2014,0.0,412.8
Trinidad and Tobago,2015,0.0,439.8
Trinidad and Tobago,2016,0.0,410.0
Trinidad and Tobago,2017,0.0,394.7
Trinidad and Tobago,2018,0.0,375.5
Trinidad and Tobago,2019,0.0,388.6
Tunisia,2000,0.0,5058.0
Tunisia,2001,0.0,5387.0
Tunisia,2002,0.0,5064.0
Tunisia,2003,8.0,5114.0
Tunisia,2004,0.0,5998.0
Tunisia,2005,0.0,6378.0
Tunisia,2006,0.0,6550.0
Tunisia,2007,16.0,6762.0
Tunisia,2008,0.0,7050.0
Tunisia,2009,17.0,7797.0
Tunisia,2010,0.0,7828.0
Tunisia,2011,0.0,5746.0
Tunisia,2012,0.0,6999.0
Tunisia,2013,0.0,7352.0
Tunisia,2014,0.0,7163.0
Tunisia,2015,0.0,5359.0
Tunisia,2016,0.0,5724.0
Tunisia,2017,0.0,7052.0
Tunisia,2018,6.0,8299.0
Tunisia,2019,0.0,9429.0
Turkey,2000,16.0,9586.0
Turkey,2001,50.0,10783.0
Turkey,2002,86.0,12790.0
Turkey,2003,177.0,13341.0
Turkey,2004,79.0,16826.0
Turkey,2005,43.0,20273.0
Turkey,2006,79.0,18916.0
Turkey,2007,19.0,26122.0
Turkey,2008,2.0,29792.0
Turkey,2009,58.0,30187.0
Turkey,2010,64.0,31364.0
Turkey,2011,647.0,34654.0
Turkey,2012,13.0,35698.0
Turkey,2013,0.0,37795.0
Turkey,2014,0.0,39811.0
Turkey,2015,8.0,39478.0
Turkey,2016,0.0,30289.0
Turkey,2017,0.0,37601.0
Turkey,2018,24.0,45768.0
Turkey,2019,19.0,51192.0
Turks and Caicos Islands,2000,0.0,152.0
Turks and Caicos Islands,2001,0.0,166.0
Turks and Caicos Islands,2002,0.0,155.0
Turks and Caicos Islands,2003,0.0,164.0
Turks and Caicos Islands,2004,0.0,173.0
Turks and Caicos Islands,2005,0.0,176.0
Turks and Caicos Islands,2006,0.0,248.0
Turks and Caicos Islands,2007,0.0,265.0
Turks and Caicos Islands,2008,4.0,352.0
Turks and Caicos Islands,2009,0.0,351.0
Turks and Caicos Islands,2010,0.0,281.0
Turks and Caicos Islands,2011,0.0,354.0
Turks and Caicos Islands,2012,0.0,291.7
Turks and Caicos Islands,2013,0.0,290.6
Turks and Caicos Islands,2014,0.0,358.0
Turks and Caicos Islands,2015,0.0,386.0
Turks and Caicos Islands,2016,0.0,449.0
Turks and Caicos Islands,2017,0.0,416.4
Turks and Caicos Islands,2018,0.0,441.0
Turks and Caicos Islands,2019,0.0,487.0
Tuvalu,2000,0.0,1.1
Tuvalu,2001,0.0,1.1
Tuvalu,2002,0.0,1.3
Tuvalu,2003,0.0,1.4
Tuvalu,2004,0.0,1.3
Tuvalu,2005,0.0,1.1
Tuvalu,2006,0.0,1.1
Tuvalu,2007,0.0,1.1
Tuvalu,2008,0.0,1.7
Tuvalu,2009,0.0,1.6
Tuvalu,2010,0.0,1.7
Tuvalu,2011,0.0,1.2
Tuvalu,2012,0.0,1.1
Tuvalu,2013,0.0,1.3
Tuvalu,2014,0.0,1.4
Tuvalu,2015,0.0,2.4
Tuvalu,2016,0.0,2.5
Tuvalu,2017,0.0,2.5
Tuvalu,2018,0.0,3.1
Tuvalu,2019,0.0,3.7
Uganda,2000,259.0,193.0
Uganda,2001,26.0,205.0
Uganda,2002,96.0,254.0
Uganda,2003,60.0,305.0
Uganda,2004,3.0,512.0
Uganda,2005,21.0,468.0
Uganda,2006,206.0,539.0
Uganda,2007,165.0,642.0
Uganda,2008,77.0,844.0
Uganda,2009,17.0,807.0
Uganda,2010,436.0,946.0
Uganda,2011,50.0,1151.0
Uganda,2012,174.0,1197.0
Uganda,2013,41.0,1206.0
Uganda,2014,0.0,1266.0
Uganda,2015,0.0,1303.0
Uganda,2016,19.0,1323.0
Uganda,2017,17.0,1402.0
Uganda,2018,82.0,1506.0
Uganda,2019,215.0,1543.0
Ukraine,2000,10.0,6431.0
Ukraine,2001,9.0,9174.0
Ukraine,2002,0.0,10517.0
Ukraine,2003,0.0,12514.0
Ukraine,2004,0.0,15629.0
Ukraine,2005,0.0,17631.0
Ukraine,2006,803.0,18936.0
Ukraine,2007,0.0,23122.0
Ukraine,2008,38.0,25449.0
Ukraine,2009,32.0,20798.0
Ukraine,2010,6.0,21203.0
Ukraine,2011,0.0,21415.0
Ukraine,2012,195.0,23013.0
Ukraine,2013,2.0,24671.0
Ukraine,2014,0.0,12712.0
Ukraine,2015,0.0,12428.0
Ukraine,2016,40.0,13333.0
Ukraine,2017,37.0,14230.0
Ukraine,2018,0.0,14104.0
Ukraine,2019,0.0,13438.0
United States of America,2000,162.0,51238.0
United States of America,2001,153.0,46927.0
United States of America,2002,444.0,43581.0
United States of America,2003,231.0,41218.0
United States of America,2004,219.0,46086.0
United States of America,2005,1973.0,49206.0
United States of America,2006,338.0,50977.0
United States of America,2007,352.0,56135.0
United States of America,2008,303.0,58007.0
United States of America,2009,145.0,55103.0
United States of America,2010,138.0,60010.0
United States of America,2011,803.0,63477.416
United States of America,2012,318.0,66966.897
United States of America,2013,212.0,71642.907
United States of America,2014,205.0,75379.354
United States of America,2015,328.0,77773.526
United States of America,2016,269.0,76407.488
United States of America,2017,338.0,77186.746
United States of America,2018,290.0,79745.918
United States of America,2019,152.0,79442.0
Uruguay,2000,7.0,1968.0
Uruguay,2001,0.0,1892.0
Uruguay,2002,2.0,1258.0
Uruguay,2003,0.0,1420.0
Uruguay,2004,0.0,1756.0
Uruguay,2005,7.0,1808.0
Uruguay,2006,0.0,1749.0
Uruguay,2007,2.0,1753.0
Uruguay,2008,0.0,1938.0
Uruguay,2009,1.0,2055.0
Uruguay,2010,4.0,2353.0
Uruguay,2011,0.0,2857.0
Uruguay,2012,0.0,2695.0
Uruguay,2013,0.0,2683.0
Uruguay,2014,0.0,2682.0
Uruguay,2015,2.0,2773.0
Uruguay,2016,8.0,3037.0
Uruguay,2017,0.0,3674.0
Uruguay,2018,0.0,3469.0
Uruguay,2019,0.0,3059.0
Vanuatu,2000,0.0,58.0
Vanuatu,2001,2.0,53.0
Vanuatu,2002,0.0,49.0
Vanuatu,2003,0.0,50.0
Vanuatu,2004,2.0,61.0
Vanuatu,2005,0.0,62.0
Vanuatu,2006,0.0,68.0
Vanuatu,2007,0.0,81.0
Vanuatu,2008,0.0,90.5
Vanuatu,2009,0.0,100.7
Vanuatu,2010,0.0,97.2
Vanuatu,2011,0.0,94.0
Vanuatu,2012,0.0,108.2
Vanuatu,2013,0.0,110.0
Vanuatu,2014,12.0,109.0
Vanuatu,2015,11.0,90.0
Vanuatu,2016,0.0,95.1
Vanuatu,2017,0.0,109.2
Vanuatu,2018,0.0,115.6
Vanuatu,2019,0.0,120.6
Zambia,2000,163.0,457.0
Zambia,2001,16.0,492.0
Zambia,2002,0.0,565.0
Zambia,2003,183.0,413.0
Zambia,2004,2.0,515.0
Zambia,2005,21.0,669.0
Zambia,2006,5.0,757.0
Zambia,2007,19.0,897.0
Zambia,2008,177.0,812.0
Zambia,2009,118.0,710.0
Zambia,2010,9.0,815.0
Zambia,2011,0.0,920.0
Zambia,2012,2.0,859.0
Zambia,2013,0.0,915.0
Zambia,2014,0.0,947.0
Zambia,2015,0.0,932.0
Zambia,2016,0.0,956.0
Zambia,2017,89.0,1009.0
Zambia,2018,0.0,1072.0
Zambia,2019,4.0,1266.0
